Data,Hora,frequencia-respiratoria,batimentos-cardiacos,saturacao,temperatura-corporal,temperatura-ambiente,temperatura-oximetro,qualidade-ar-pm25,qualidade-ar-pm10,qualidade-ar-aqi,piezo,contagem-tosse,som,umidade,acelerometro-x,acelerometro-y,acelerometro-z,giroscopio-x,giroscopio-y,giroscopio-z
2025-08-09,19:08:17,0,19.0,100.0,19.0,20.32,23.38,2.16,2.87,1.0,0.0,0,193.0,75,-6.1,-3.11,6.05,-0.05,0.03,-0.01
2025-08-09,19:08:24,0,19.0,100.0,19.0,20.34,23.44,2.16,2.87,1.0,0.0,0,248.0,75,-6.1,-3.11,6.01,-0.02,0.03,0.0
2025-08-09,19:08:27,0,19.0,100.0,19.0,20.33,23.44,2.16,2.87,1.0,0.0,0,340.0,75,-6.09,-3.11,6.06,-0.04,0.03,-0.0
2025-08-09,19:08:34,0,83.0,99.0,85.0,20.35,23.31,2.16,2.87,1.0,0.0,0,393.0,75,-6.11,-3.09,6.05,-0.03,0.03,-0.0
2025-08-09,19:08:37,0,83.0,99.0,19.0,20.35,23.38,2.16,2.87,1.0,0.0,0,373.0,75,-6.08,-3.07,6.11,-0.03,0.03,-0.0
2025-08-09,19:08:44,0,83.0,99.0,19.0,20.35,23.5,2.16,2.87,1.0,0.0,0,540.0,75,-6.11,-3.08,6.07,-0.03,0.03,-0.0
2025-08-09,19:08:47,0,83.0,99.0,19.0,20.35,23.31,2.16,2.87,1.0,0.0,0,484.0,75,-6.12,-3.09,6.09,-0.03,0.03,-0.0
2025-08-09,19:08:54,0,115.0,99.0,19.0,20.34,23.5,2.16,2.87,1.0,0.0,0,352.0,75,-6.06,-3.06,6.09,-0.03,0.03,-0.0
2025-08-09,19:08:57,0,115.0,99.0,19.0,20.36,23.62,2.16,2.87,1.0,0.0,0,679.0,75,-6.09,-3.1,6.08,-0.04,0.03,-0.0
2025-08-09,19:09:04,0,115.0,99.0,19.0,20.39,23.31,2.16,2.87,1.0,0.0,0,499.0,75,-6.13,-3.08,6.04,-0.03,0.03,-0.0
2025-08-09,19:09:07,0,115.0,99.0,19.0,20.36,23.44,2.16,2.87,1.0,0.0,0,386.0,75,-6.07,-3.09,6.07,-0.03,0.03,-0.0
2025-08-09,19:09:14,0,83.0,99.0,19.0,20.36,23.44,2.16,2.87,1.0,0.0,0,404.0,75,-6.09,-3.08,6.08,-0.03,0.03,-0.0
2025-08-09,19:09:17,0,83.0,99.0,19.0,20.37,23.31,2.16,2.87,1.0,0.0,0,577.0,75,-6.09,-3.08,6.06,-0.05,0.03,-0.0
2025-08-09,19:09:24,0,83.0,99.0,19.0,20.39,23.38,2.16,2.87,1.0,0.0,0,454.0,75,-6.11,-3.1,6.08,-0.03,0.03,-0.0
2025-08-09,19:09:27,0,107.0,91.0,19.0,20.39,23.31,2.16,2.87,1.0,0.0,0,274.0,75,-6.09,-3.07,6.06,-0.05,0.03,-0.0
2025-08-09,19:09:34,0,107.0,91.0,85.0,20.42,23.5,2.16,2.87,1.0,0.0,0,298.0,75,-6.08,-3.06,6.03,-0.04,0.03,-0.0
2025-08-09,19:09:37,0,107.0,91.0,19.0,20.42,23.44,2.16,2.87,1.0,0.0,0,565.0,75,-6.17,-2.91,6.56,-0.06,0.02,-0.02
2025-08-09,19:09:44,0,107.0,91.0,85.0,20.4,23.38,2.16,2.87,1.0,0.0,0,344.0,75,-6.09,-3.1,6.07,-0.04,0.03,-0.0
2025-08-09,19:09:47,0,125.0,57.0,19.0,20.41,23.44,2.16,2.87,1.0,0.0,0,889.0,75,-6.06,-3.06,6.08,-0.02,0.03,-0.0
2025-08-09,19:09:54,0,125.0,57.0,19.0,20.42,23.44,2.16,2.87,1.0,0.0,0,448.0,75,-6.09,-3.08,6.05,-0.03,0.03,-0.0
2025-08-09,19:09:57,0,125.0,57.0,19.06,20.46,23.38,2.16,2.87,1.0,0.0,0,513.0,75,-6.09,-3.09,6.08,-0.03,0.03,-0.0
2025-08-09,19:10:04,0,115.0,50.0,19.0,20.44,23.44,2.16,2.87,1.0,0.0,0,398.0,75,-6.1,-3.12,6.08,-0.03,0.03,-0.0
2025-08-09,19:10:07,0,115.0,50.0,19.0,20.43,23.56,2.16,2.87,1.0,0.0,0,2035.0,75,-6.08,-3.07,6.07,-0.03,0.03,-0.0
2025-08-09,19:10:14,0,115.0,50.0,19.0,20.42,23.62,2.16,2.87,1.0,0.0,0,537.0,75,-6.12,-3.07,6.08,-0.03,0.03,-0.0
2025-08-09,19:10:17,0,115.0,50.0,19.0,20.46,23.56,2.16,2.87,1.0,0.0,0,561.0,75,-6.09,-3.05,6.04,-0.03,0.03,-0.0
2025-08-09,19:10:24,0,57.0,99.0,19.0,20.42,23.69,2.16,2.87,1.0,0.0,0,488.0,75,-6.11,-3.09,6.07,-0.03,0.03,-0.0
2025-08-09,19:10:27,0,57.0,99.0,85.0,20.43,23.38,2.16,2.87,1.0,0.0,0,737.0,75,-6.12,-3.09,6.04,-0.04,0.03,-0.0
2025-08-09,19:10:34,0,57.0,99.0,85.0,20.45,23.31,2.16,2.87,1.0,0.0,0,725.0,75,-6.1,-3.1,6.04,-0.03,0.03,-0.0
2025-08-09,19:10:37,0,57.0,99.0,19.0,20.45,23.38,2.16,2.87,1.0,0.0,0,981.0,75,-6.09,-3.07,6.11,-0.04,0.03,-0.0
2025-08-09,19:10:44,0,100.0,99.0,19.0,20.48,23.31,2.16,2.87,1.0,0.0,0,454.0,75,-6.11,-3.09,6.05,-0.03,0.03,-0.0
2025-08-09,19:10:47,0,100.0,99.0,19.06,20.47,23.19,2.16,2.87,1.0,0.0,0,430.0,75,-6.16,-3.12,6.01,-0.03,0.03,-0.0
2025-08-09,19:10:54,0,100.0,99.0,19.0,20.47,23.44,2.16,2.87,1.0,0.0,0,1745.0,75,-6.1,-3.08,6.08,-0.03,0.03,-0.0
2025-08-09,19:10:57,0,100.0,99.0,85.0,20.46,23.31,2.16,2.87,1.0,0.0,0,524.0,75,-6.09,-3.09,6.08,-0.04,0.03,-0.0
2025-08-09,19:11:04,0,214.0,99.0,19.0,20.47,23.25,2.16,2.87,1.0,0.0,0,570.0,75,-6.1,-3.1,6.07,-0.04,0.03,-0.0
2025-08-09,19:11:07,0,214.0,99.0,19.0,20.48,23.12,2.16,2.87,1.0,0.0,0,1310.0,75,-6.1,-3.08,6.11,-0.04,0.03,-0.0
2025-08-09,19:11:14,0,214.0,99.0,19.0,20.47,23.31,2.16,2.87,1.0,0.0,0,1820.0,75,-6.09,-3.08,6.1,-0.03,0.03,-0.0
2025-08-09,19:11:17,0,214.0,99.0,19.0,20.48,23.12,2.16,2.87,1.0,0.0,0,1971.0,75,-6.09,-3.11,6.0,-0.09,0.04,-0.01
2025-08-09,19:11:24,0,214.0,99.0,85.0,20.46,23.06,2.16,2.87,1.0,0.0,0,1711.0,75,-6.11,-3.1,6.06,-0.03,0.03,-0.0
2025-08-09,19:11:27,0,214.0,99.0,19.0,20.44,23.12,2.16,2.87,1.0,0.0,0,1744.0,75,-6.08,-3.08,6.07,-0.03,0.03,-0.0
2025-08-09,19:11:34,0,214.0,99.0,19.0,20.43,22.94,2.16,2.87,1.0,0.0,0,1193.0,75,-6.11,-3.1,6.04,-0.03,0.03,-0.0
2025-08-09,19:11:37,0,300.0,99.0,19.0,20.42,23.12,2.16,2.87,1.0,0.0,0,1865.0,75,-6.09,-3.09,6.05,-0.03,0.03,-0.0
2025-08-09,19:11:44,0,300.0,99.0,19.0,20.43,23.0,2.16,2.87,1.0,0.0,0,541.0,75,-6.1,-3.09,6.04,-0.03,0.03,-0.0
2025-08-09,19:11:47,0,300.0,99.0,19.0,20.43,23.0,2.16,2.87,1.0,0.0,0,541.0,75,-6.1,-3.09,6.04,-0.03,0.03,-0.0
2025-08-09,19:11:54,0,300.0,99.0,19.0,20.43,23.0,2.16,2.87,1.0,0.0,0,541.0,75,-6.1,-3.09,6.04,-0.03,0.03,-0.0
2025-08-09,19:11:57,0,300.0,99.0,19.0,20.43,23.0,2.16,2.87,1.0,0.0,0,541.0,75,-6.1,-3.09,6.04,-0.03,0.03,-0.0
2025-08-09,19:12:04,0,300.0,99.0,19.0,20.43,23.0,2.16,2.87,1.0,0.0,0,541.0,75,-6.1,-3.09,6.04,-0.03,0.03,-0.0
2025-08-09,19:12:07,0,300.0,99.0,19.0,20.43,23.0,2.16,2.87,1.0,0.0,0,541.0,75,-6.1,-3.09,6.04,-0.03,0.03,-0.0
2025-08-09,19:12:14,0,300.0,99.0,19.0,20.43,23.0,2.16,2.87,1.0,0.0,0,541.0,75,-6.1,-3.09,6.04,-0.03,0.03,-0.0
2025-08-09,19:12:17,0,300.0,99.0,19.0,20.43,23.0,2.16,2.87,1.0,0.0,0,541.0,75,-6.1,-3.09,6.04,-0.03,0.03,-0.0
2025-08-09,19:12:24,0,300.0,99.0,19.0,20.43,23.0,2.16,2.87,1.0,0.0,0,541.0,75,-6.1,-3.09,6.04,-0.03,0.03,-0.0
2025-08-09,19:12:27,0,300.0,99.0,19.0,20.43,23.0,2.16,2.87,1.0,0.0,0,541.0,75,-6.1,-3.09,6.04,-0.03,0.03,-0.0
2025-08-09,19:12:34,0,300.0,99.0,19.0,20.43,23.0,2.16,2.87,1.0,0.0,0,541.0,75,-6.1,-3.09,6.04,-0.03,0.03,-0.0
2025-08-09,19:12:37,0,300.0,99.0,19.0,20.43,23.0,2.16,2.87,1.0,0.0,0,541.0,75,-6.1,-3.09,6.04,-0.03,0.03,-0.0
2025-08-09,19:12:44,0,300.0,99.0,19.0,20.43,23.0,2.16,2.87,1.0,0.0,0,541.0,75,-6.1,-3.09,6.04,-0.03,0.03,-0.0
2025-08-09,19:12:47,0,300.0,99.0,19.0,20.43,23.0,2.16,2.87,1.0,0.0,0,541.0,75,-6.1,-3.09,6.04,-0.03,0.03,-0.0
2025-08-09,19:12:54,0,300.0,99.0,19.0,20.43,23.0,2.16,2.87,1.0,0.0,0,541.0,75,-6.1,-3.09,6.04,-0.03,0.03,-0.0
2025-08-09,19:12:57,0,300.0,99.0,85.0,20.36,22.69,2.16,2.87,1.0,0.0,0,1795.0,75,-6.08,-3.09,6.1,-0.03,0.03,-0.0
2025-08-09,19:13:04,0,300.0,99.0,85.0,20.34,22.81,2.16,2.87,1.0,0.0,0,706.0,75,-6.08,-3.08,6.11,-0.03,0.03,-0.0
2025-08-09,19:13:07,0,300.0,99.0,18.94,20.35,22.56,2.16,2.87,1.0,0.0,0,1018.0,75,-6.12,-3.1,6.09,-0.03,0.03,-0.0
2025-08-09,19:13:14,0,300.0,99.0,85.0,20.36,22.81,2.16,2.87,1.0,0.0,0,1201.0,75,-6.1,-3.1,6.05,-0.03,0.03,-0.0
2025-08-09,19:13:17,0,40.0,99.0,18.94,20.37,22.81,2.16,2.87,1.0,0.0,0,1413.0,75,-6.09,-3.06,6.02,-0.05,0.04,-0.01
2025-08-09,19:13:24,0,40.0,99.0,85.0,20.34,22.56,2.16,2.87,1.0,1088.0,0,1986.0,75,-6.1,-3.1,6.08,-0.04,0.03,-0.0
2025-08-09,19:13:27,0,40.0,99.0,18.94,20.34,22.81,2.16,2.87,1.0,65.0,0,1830.0,75,-6.1,-3.08,6.09,-0.03,0.03,-0.0
2025-08-09,19:13:34,0,78.0,99.0,18.94,20.34,22.75,2.16,2.87,1.0,0.0,0,1121.0,75,-6.11,-3.1,6.05,-0.03,0.03,-0.0
2025-08-09,19:13:37,0,78.0,99.0,18.94,20.32,22.56,2.16,2.87,1.0,0.0,0,1562.0,75,-6.1,-3.07,6.11,-0.04,0.03,-0.0
2025-08-09,19:13:44,0,78.0,99.0,85.0,20.33,22.5,2.16,2.87,1.0,0.0,0,489.0,75,-6.11,-3.09,6.07,-0.03,0.03,-0.0
2025-08-09,19:13:47,0,78.0,99.0,18.94,20.33,22.62,2.16,2.87,1.0,0.0,0,423.0,75,-6.11,-3.11,6.06,-0.03,0.03,-0.0
2025-08-09,19:13:54,0,214.0,99.0,18.94,20.31,22.44,2.16,2.87,1.0,0.0,0,497.0,75,-6.1,-3.1,6.1,-0.03,0.03,-0.0
2025-08-09,19:13:57,0,214.0,99.0,18.94,20.35,22.56,2.16,2.87,1.0,0.0,0,1054.0,75,-6.12,-3.09,6.09,-0.03,0.03,-0.0
2025-08-09,19:14:04,0,214.0,99.0,18.94,20.33,22.75,2.16,2.87,1.0,0.0,0,354.0,75,-6.09,-3.08,6.06,-0.03,0.03,-0.0
2025-08-09,19:14:07,0,214.0,99.0,85.0,20.36,22.62,2.16,2.87,1.0,0.0,0,572.0,75,-6.08,-3.09,6.07,-0.03,0.03,-0.0
2025-08-09,19:14:14,0,214.0,99.0,18.94,20.33,22.56,2.16,2.87,1.0,0.0,0,773.0,75,-6.06,-3.07,6.11,-0.03,0.03,-0.0
2025-08-09,19:14:17,0,214.0,99.0,18.94,20.36,22.5,2.16,2.87,1.0,0.0,0,1167.0,75,-6.1,-3.1,6.07,-0.03,0.03,-0.0
2025-08-09,19:14:24,0,214.0,99.0,18.94,20.35,22.62,2.16,2.87,1.0,0.0,0,453.0,75,-6.1,-3.08,6.1,-0.03,0.03,-0.0
2025-08-09,19:14:27,0,214.0,99.0,18.94,20.36,22.5,2.16,2.87,1.0,0.0,0,324.0,75,-6.12,-3.07,6.05,-0.02,0.03,0.0
2025-08-09,19:14:34,0,65.0,56.0,18.94,20.31,22.5,2.16,2.87,1.0,0.0,0,1216.0,75,-6.13,-3.1,6.04,-0.03,0.03,-0.0
2025-08-09,19:14:37,0,65.0,56.0,18.94,20.32,22.37,2.16,2.87,1.0,0.0,0,622.0,75,-6.09,-3.07,6.11,-0.03,0.03,-0.0
2025-08-09,19:14:44,0,65.0,56.0,19.0,20.28,22.62,2.16,2.87,1.0,0.0,0,1001.0,75,-6.09,-3.11,6.1,-0.03,0.03,-0.0
2025-08-09,19:14:47,0,65.0,56.0,85.0,20.3,22.56,2.16,2.87,1.0,0.0,0,599.0,75,-6.1,-3.11,6.1,-0.03,0.03,-0.0
2025-08-09,19:14:55,0,115.0,86.0,19.0,20.3,22.62,2.16,2.87,1.0,0.0,0,534.0,75,-6.1,-3.08,6.08,-0.03,0.03,-0.0
2025-08-09,19:14:57,0,115.0,86.0,19.0,20.28,22.56,2.16,2.87,1.0,0.0,0,388.0,75,-6.09,-3.08,6.12,-0.04,0.03,-0.0
2025-08-09,19:15:08,0,166.0,100.0,19.0,20.28,22.56,2.16,2.87,1.0,0.0,0,364.0,75,-6.13,-3.02,6.05,-0.04,0.03,-0.0
2025-08-09,19:15:18,0,166.0,100.0,85.0,20.3,22.75,2.16,2.87,1.0,0.0,0,611.0,75,-6.1,-3.05,6.06,-0.04,0.03,-0.0
2025-08-09,19:15:22,0,0,0,19.0,20.31,22.94,2.16,2.87,1.0,0.0,0,487.0,75,-6.11,-3.07,6.07,-0.03,0.03,-0.0
2025-08-09,19:15:28,0,136.0,100.0,19.0,20.32,22.87,2.16,2.87,1.0,0.0,0,1938.0,75,-6.1,-3.1,6.07,-0.03,0.03,-0.0
2025-08-09,19:15:32,0,136.0,100.0,19.0,20.34,23.0,2.16,2.87,1.0,0.0,0,533.0,75,-6.09,-3.08,6.08,-0.04,0.03,-0.0
2025-08-09,19:15:38,0,136.0,100.0,19.0,20.36,23.06,2.16,2.87,1.0,0.0,0,1551.0,75,-6.09,-3.11,6.09,-0.03,0.03,-0.0
2025-08-09,19:15:42,0,136.0,100.0,19.0,20.34,23.0,2.16,2.87,1.0,0.0,0,1822.0,75,-6.09,-3.07,6.1,-0.03,0.03,-0.0
2025-08-09,19:15:48,0,60.0,97.0,19.0,20.38,23.19,2.16,2.87,1.0,0.0,0,2065.0,75,-6.1,-3.11,5.95,0.01,0.03,0.0
2025-08-09,19:15:52,0,60.0,97.0,19.0,20.39,22.87,2.16,2.87,1.0,0.0,0,569.0,75,-6.11,-3.06,6.07,-0.02,0.03,0.0
2025-08-09,19:15:58,0,60.0,97.0,19.0,20.38,23.06,2.16,2.87,1.0,0.0,0,668.0,75,-6.11,-3.08,6.1,-0.03,0.03,-0.0
2025-08-09,19:16:02,0,60.0,97.0,19.0,20.35,23.0,2.16,2.87,1.0,0.0,0,491.0,75,-6.07,-3.06,6.09,-0.02,0.03,-0.0
2025-08-09,19:16:08,0,150.0,92.0,85.0,20.36,23.06,2.16,2.87,1.0,0.0,0,232.0,75,-6.12,-3.09,6.06,-0.03,0.03,-0.0
2025-08-09,19:16:12,0,150.0,92.0,19.0,20.34,22.87,2.16,2.87,1.0,0.0,0,1782.0,75,-6.11,-3.1,6.06,-0.03,0.03,-0.0
2025-08-09,19:16:18,0,150.0,92.0,19.0,20.33,22.87,2.16,2.87,1.0,0.0,0,422.0,75,-6.1,-3.09,6.1,-0.03,0.03,-0.0
2025-08-09,19:16:22,0,150.0,92.0,19.0,20.33,22.87,2.16,2.87,1.0,0.0,0,446.0,75,-6.11,-3.07,6.08,-0.03,0.03,-0.0
2025-08-09,19:16:28,0,250.0,92.0,19.0,20.36,23.0,2.16,2.87,1.0,0.0,0,428.0,75,-6.09,-3.1,6.09,-0.03,0.03,-0.0
2025-08-09,19:16:32,0,250.0,92.0,85.0,20.36,22.94,2.16,2.87,1.0,0.0,0,1913.0,75,-6.15,-3.09,6.08,-0.04,0.03,-0.0
2025-08-09,19:16:38,0,250.0,92.0,19.0,20.37,22.87,2.16,2.87,1.0,0.0,0,293.0,75,-6.14,-3.08,6.07,-0.04,0.03,-0.0
2025-08-09,19:16:42,0,115.0,82.0,85.0,20.39,22.81,2.16,2.87,1.0,0.0,0,390.0,75,-6.11,-3.06,6.07,-0.03,0.03,-0.0
2025-08-09,19:16:48,0,115.0,82.0,85.0,20.41,22.87,2.16,2.87,1.0,0.0,0,1939.0,75,-6.11,-3.12,6.04,-0.03,0.03,-0.0
2025-08-09,19:16:52,0,115.0,82.0,85.0,20.45,22.81,2.16,2.87,1.0,0.0,0,1182.0,75,-6.06,-3.04,6.17,-0.03,0.03,-0.0
2025-08-09,19:16:58,0,115.0,82.0,19.0,20.48,23.0,2.16,2.87,1.0,0.0,0,297.0,75,-6.05,-3.06,6.1,-0.03,0.03,-0.0
2025-08-09,19:17:02,0,37.0,82.0,19.0,20.5,22.62,2.16,2.87,1.0,0.0,0,747.0,75,-6.13,-3.12,5.99,-0.02,0.03,0.0
2025-08-09,19:17:08,0,37.0,82.0,19.0,20.54,22.56,2.16,2.87,1.0,0.0,0,223.0,75,-6.14,-3.12,5.98,-0.04,0.03,-0.0
2025-08-09,19:17:12,0,37.0,82.0,85.0,20.55,22.75,2.16,2.87,1.0,0.0,0,380.0,75,-6.08,-3.06,6.1,-0.03,0.03,-0.0
2025-08-09,19:17:18,0,37.0,82.0,85.0,20.53,22.87,2.16,2.87,1.0,0.0,0,486.0,75,-6.1,-3.1,6.09,-0.04,0.03,-0.0
2025-08-09,19:17:22,0,100.0,100.0,19.0,20.53,22.87,2.16,2.87,1.0,0.0,0,421.0,75,-6.06,-3.07,6.11,-0.03,0.03,-0.0
2025-08-09,19:17:28,0,100.0,100.0,19.0,20.52,22.56,2.16,2.87,1.0,0.0,0,810.0,75,-6.09,-3.07,6.07,-0.03,0.03,-0.0
2025-08-09,19:17:32,0,100.0,100.0,19.0,20.51,22.56,2.16,2.87,1.0,0.0,0,816.0,75,-6.1,-3.09,6.08,-0.03,0.03,-0.0
2025-08-09,19:17:38,0,83.0,100.0,19.0,20.51,22.94,2.16,2.87,1.0,0.0,0,668.0,75,-6.1,-3.09,6.07,-0.04,0.03,-0.0
2025-08-09,19:17:42,0,83.0,100.0,19.06,20.49,22.81,2.16,2.87,1.0,0.0,0,1244.0,75,-6.13,-3.1,6.09,-0.04,0.03,-0.0
2025-08-09,19:17:48,0,83.0,100.0,19.06,20.51,22.81,2.16,2.87,1.0,0.0,0,1010.0,75,-6.07,-3.1,6.06,-0.03,0.03,-0.0
2025-08-09,19:17:52,0,83.0,100.0,19.06,20.48,22.75,2.16,2.87,1.0,0.0,0,675.0,75,-6.12,-3.09,6.11,-0.03,0.03,-0.0
2025-08-09,19:17:58,0,115.0,100.0,19.0,20.49,22.56,2.16,2.87,1.0,0.0,0,630.0,75,-6.12,-3.09,6.07,-0.03,0.03,-0.0
2025-08-09,19:18:02,0,115.0,100.0,19.0,20.49,22.81,2.16,2.87,1.0,0.0,0,1031.0,75,-6.11,-3.07,6.1,-0.03,0.03,-0.0
2025-08-09,19:18:08,0,115.0,100.0,19.0,20.5,22.87,2.16,2.87,1.0,0.0,0,1314.0,75,-6.09,-3.08,6.05,-0.03,0.03,-0.0
2025-08-09,19:18:12,0,115.0,100.0,19.0,20.49,22.87,2.16,2.87,1.0,0.0,0,862.0,75,-6.11,-3.09,6.09,-0.03,0.03,-0.0
2025-08-09,19:18:18,0,71.0,74.0,19.0,20.46,22.69,2.16,2.87,1.0,0.0,0,1303.0,75,-6.09,-3.09,6.07,-0.04,0.03,-0.0
2025-08-09,19:18:22,0,71.0,74.0,19.0,20.47,22.81,2.16,2.87,1.0,0.0,0,1886.0,75,-6.1,-3.1,6.11,-0.03,0.03,-0.0
2025-08-09,19:18:28,0,71.0,74.0,85.0,20.49,22.62,2.16,2.87,1.0,0.0,0,1357.0,75,-6.09,-3.08,6.1,-0.03,0.03,-0.0
2025-08-09,19:18:32,0,71.0,74.0,19.0,20.46,22.75,2.16,2.87,1.0,0.0,0,1197.0,75,-6.09,-3.09,6.09,-0.03,0.03,-0.0
2025-08-09,19:18:38,0,62.0,74.0,19.0,20.47,22.81,2.16,2.87,1.0,0.0,0,1470.0,75,-6.07,-3.08,6.05,-0.04,0.03,-0.0
2025-08-09,19:18:42,0,62.0,74.0,85.0,20.48,22.56,2.16,2.87,1.0,0.0,0,1548.0,75,-6.11,-3.08,6.07,-0.03,0.03,-0.0
2025-08-09,19:18:48,0,62.0,74.0,19.0,20.47,22.81,2.16,2.87,1.0,0.0,0,1231.0,75,-6.09,-3.08,6.06,-0.03,0.03,-0.0
2025-08-09,19:18:52,0,62.0,74.0,19.0,20.44,22.81,2.16,2.87,1.0,0.0,0,424.0,75,-6.08,-3.11,6.09,-0.04,0.03,-0.0
2025-08-09,19:18:58,0,83.0,62.0,19.0,20.44,22.56,2.16,2.87,1.0,0.0,0,445.0,75,-6.1,-3.07,6.07,-0.03,0.03,-0.0
2025-08-09,19:19:02,0,83.0,62.0,85.0,20.44,22.62,2.16,2.87,1.0,0.0,0,368.0,75,-6.1,-3.07,6.05,-0.03,0.03,-0.0
2025-08-09,19:19:08,0,83.0,62.0,19.0,20.41,22.56,2.16,2.87,1.0,0.0,0,262.0,75,-6.09,-3.07,6.07,-0.03,0.03,-0.0
2025-08-09,19:19:12,0,83.0,62.0,85.0,20.39,22.81,2.16,2.87,1.0,0.0,0,411.0,75,-6.11,-3.08,6.08,-0.03,0.03,-0.0
2025-08-09,19:19:18,0,83.0,62.0,19.0,20.33,22.56,2.16,2.87,1.0,0.0,0,858.0,75,-6.11,-3.1,6.11,-0.03,0.03,-0.0
2025-08-09,19:19:22,0,83.0,62.0,19.0,20.33,22.56,2.16,2.87,1.0,0.0,0,801.0,75,-6.11,-3.09,6.06,-0.03,0.03,-0.0
2025-08-09,19:19:28,0,83.0,62.0,19.0,20.3,22.56,2.16,2.87,1.0,0.0,0,1674.0,75,-6.11,-3.08,6.06,-0.03,0.03,-0.0
2025-08-09,19:19:32,0,93.0,62.0,19.0,20.25,22.56,2.16,2.87,1.0,0.0,0,1919.0,75,-6.11,-3.09,6.1,-0.02,0.03,0.0
2025-08-09,19:19:38,0,93.0,62.0,19.0,20.26,22.5,2.16,2.87,1.0,0.0,0,428.0,75,-6.11,-3.09,6.09,-0.03,0.03,-0.0
2025-08-09,19:19:42,0,93.0,62.0,19.0,20.23,22.5,2.16,2.87,1.0,0.0,0,527.0,75,-6.1,-3.08,6.08,-0.03,0.03,-0.0
2025-08-09,19:19:48,0,93.0,62.0,85.0,20.21,22.37,2.16,2.87,1.0,0.0,0,1256.0,75,-6.1,-3.08,6.05,-0.03,0.03,-0.0
2025-08-09,19:19:52,0,83.0,80.0,19.0,20.19,22.25,2.16,2.87,1.0,0.0,0,661.0,75,-6.1,-3.1,6.08,-0.03,0.03,-0.0
2025-08-09,19:19:58,0,83.0,80.0,19.0,20.17,22.44,2.16,2.87,1.0,0.0,0,945.0,75,-6.09,-3.08,6.1,-0.03,0.03,-0.0
2025-08-09,19:20:02,0,83.0,80.0,19.0,20.18,22.37,2.16,2.87,1.0,0.0,0,1664.0,75,-6.14,-3.1,6.05,-0.03,0.03,-0.0
2025-08-09,19:20:08,0,88.0,41.0,85.0,20.14,22.44,2.16,2.87,1.0,0.0,0,1099.0,75,-6.11,-3.09,6.12,-0.03,0.03,-0.0
2025-08-09,19:20:12,0,88.0,41.0,19.0,20.15,22.31,2.16,2.87,1.0,0.0,0,612.0,75,-6.1,-3.07,6.08,-0.03,0.03,-0.0
2025-08-09,19:20:18,0,88.0,41.0,19.0,20.15,22.5,2.16,2.87,1.0,0.0,0,239.0,75,-6.05,-3.07,6.18,-0.04,0.03,-0.01
2025-08-09,19:20:22,0,88.0,41.0,19.0,20.17,22.25,2.16,2.87,1.0,0.0,0,1874.0,75,-6.15,-3.1,6.03,-0.04,0.03,-0.0
2025-08-09,19:20:28,0,68.0,80.0,19.0,20.16,22.25,2.16,2.87,1.0,0.0,0,1669.0,75,-6.11,-3.09,6.05,-0.03,0.03,-0.0
2025-08-09,19:20:32,0,68.0,80.0,19.0,20.15,22.25,2.16,2.87,1.0,0.0,0,472.0,75,-6.11,-3.07,6.08,-0.03,0.03,-0.0
2025-08-09,19:20:38,0,68.0,80.0,18.94,20.14,22.37,2.16,2.87,1.0,0.0,0,923.0,75,-6.11,-3.08,6.1,-0.03,0.03,-0.0
2025-08-09,19:20:42,0,68.0,80.0,19.0,20.14,22.56,2.16,2.87,1.0,0.0,0,1906.0,75,-6.12,-3.1,6.11,-0.03,0.03,-0.0
2025-08-09,19:20:48,0,107.0,74.0,18.94,20.17,22.44,2.16,2.87,1.0,0.0,0,286.0,75,-6.1,-3.08,6.08,-0.03,0.03,-0.0
2025-08-09,19:20:52,0,107.0,74.0,18.94,20.16,22.31,2.16,2.87,1.0,0.0,0,1103.0,75,-6.1,-3.08,6.09,-0.02,0.04,0.01
2025-08-09,19:20:58,0,107.0,74.0,18.94,20.19,22.37,2.16,2.87,1.0,0.0,0,404.0,75,-6.12,-3.07,6.09,-0.03,0.03,-0.0
2025-08-09,19:21:02,0,107.0,74.0,18.94,20.21,22.44,2.16,2.87,1.0,0.0,0,356.0,75,-6.1,-3.07,6.08,-0.03,0.03,-0.0
2025-08-09,19:21:08,0,78.0,98.0,18.94,20.2,22.44,2.16,2.87,1.0,0.0,0,226.0,75,-6.1,-3.08,6.1,-0.03,0.03,-0.0
2025-08-09,19:21:12,0,78.0,98.0,18.94,20.19,22.37,2.16,2.87,1.0,0.0,0,1207.0,75,-6.08,-3.08,6.09,-0.03,0.03,-0.0
2025-08-09,19:21:18,0,78.0,98.0,18.94,20.2,22.5,2.16,2.87,1.0,0.0,0,916.0,75,-6.1,-3.08,6.08,-0.03,0.03,-0.0
2025-08-09,19:21:22,0,78.0,98.0,18.94,20.2,22.5,2.16,2.87,1.0,0.0,0,916.0,75,-6.1,-3.08,6.08,-0.03,0.03,-0.0
2025-08-09,19:21:28,0,78.0,98.0,18.94,20.2,22.5,2.16,2.87,1.0,0.0,0,916.0,75,-6.1,-3.08,6.08,-0.03,0.03,-0.0
2025-08-09,19:21:32,0,78.0,98.0,18.94,20.2,22.5,2.16,2.87,1.0,0.0,0,916.0,75,-6.1,-3.08,6.08,-0.03,0.03,-0.0
2025-08-09,19:21:38,0,78.0,98.0,18.94,20.2,22.5,2.16,2.87,1.0,0.0,0,916.0,75,-6.1,-3.08,6.08,-0.03,0.03,-0.0
2025-08-09,19:21:42,0,78.0,98.0,18.94,20.2,22.5,2.16,2.87,1.0,0.0,0,916.0,75,-6.1,-3.08,6.08,-0.03,0.03,-0.0
2025-08-09,19:21:48,0,78.0,98.0,18.94,20.2,22.5,2.16,2.87,1.0,0.0,0,916.0,75,-6.1,-3.08,6.08,-0.03,0.03,-0.0
2025-08-09,19:21:52,0,78.0,98.0,18.94,20.2,22.5,2.16,2.87,1.0,0.0,0,916.0,75,-6.1,-3.08,6.08,-0.03,0.03,-0.0
2025-08-09,19:21:58,0,78.0,98.0,18.94,20.2,22.5,2.16,2.87,1.0,0.0,0,916.0,75,-6.1,-3.08,6.08,-0.03,0.03,-0.0
2025-08-09,19:22:02,0,78.0,98.0,18.94,20.2,22.5,2.16,2.87,1.0,0.0,0,916.0,75,-6.1,-3.08,6.08,-0.03,0.03,-0.0
2025-08-09,19:22:08,0,78.0,98.0,18.94,20.2,22.5,2.16,2.87,1.0,0.0,0,916.0,75,-6.1,-3.08,6.08,-0.03,0.03,-0.0
2025-08-09,19:22:12,0,78.0,98.0,18.94,20.2,22.5,2.16,2.87,1.0,0.0,0,916.0,75,-6.1,-3.08,6.08,-0.03,0.03,-0.0
2025-08-09,19:22:18,0,78.0,98.0,18.94,20.2,22.5,2.16,2.87,1.0,0.0,0,916.0,75,-6.1,-3.08,6.08,-0.03,0.03,-0.0
2025-08-09,19:22:22,0,78.0,98.0,18.94,20.2,22.5,2.16,2.87,1.0,0.0,0,916.0,75,-6.1,-3.08,6.08,-0.03,0.03,-0.0
2025-08-09,19:22:28,0,78.0,98.0,18.94,20.2,22.5,2.16,2.87,1.0,0.0,0,916.0,75,-6.1,-3.08,6.08,-0.03,0.03,-0.0
2025-08-09,19:22:32,0,78.0,98.0,18.94,20.2,22.5,2.16,2.87,1.0,0.0,0,916.0,75,-6.1,-3.08,6.08,-0.03,0.03,-0.0
2025-08-09,19:22:38,0,78.0,98.0,18.94,20.2,22.5,2.16,2.87,1.0,0.0,0,916.0,75,-6.1,-3.08,6.08,-0.03,0.03,-0.0
2025-08-09,19:22:42,0,78.0,98.0,19.06,20.09,21.94,2.16,2.87,1.0,33.0,0,1937.0,75,-6.1,-3.07,6.12,-0.04,0.03,-0.0
2025-08-09,19:22:48,0,78.0,98.0,19.06,20.06,21.94,2.16,2.87,1.0,0.0,0,1905.0,75,-6.12,-3.09,6.05,-0.04,0.03,-0.0
2025-08-09,19:22:52,0,78.0,98.0,19.06,20.08,22.0,2.16,2.87,1.0,0.0,0,405.0,75,-6.12,-3.09,6.07,-0.03,0.03,-0.0
2025-08-09,19:22:58,0,214.0,98.0,19.06,20.07,22.0,2.16,2.87,1.0,6.0,0,1758.0,75,-6.11,-3.08,6.09,-0.04,0.03,-0.0
2025-08-09,19:23:02,0,83.0,84.0,19.06,20.08,22.13,2.16,2.87,1.0,0.0,0,618.0,75,-6.1,-3.09,6.11,-0.03,0.03,-0.0
2025-08-09,19:23:08,0,150.0,69.0,19.06,20.05,22.19,2.16,2.87,1.0,0.0,0,1205.0,75,-6.1,-3.07,6.11,-0.04,0.03,-0.0
2025-08-09,19:23:12,0,214.0,36.0,19.12,20.05,22.06,2.16,2.87,1.0,0.0,0,377.0,75,-6.11,-3.09,6.09,-0.03,0.03,-0.0
2025-08-09,19:23:18,0,150.0,61.0,19.06,20.05,22.0,2.16,2.87,1.0,2454.0,0,814.0,75,-6.09,-3.06,6.08,-0.03,0.03,-0.0
2025-08-09,19:23:22,0,31.0,89.0,19.06,20.04,22.13,2.16,2.87,1.0,4095.0,0,1423.0,75,-6.17,-3.14,5.97,-0.04,0.03,-0.0
2025-08-09,19:23:28,0,30.0,31.0,19.12,20.03,22.19,2.16,2.87,1.0,2273.0,0,658.0,75,-6.11,-3.07,6.06,-0.03,0.03,-0.0
2025-08-09,19:23:32,0,30.0,31.0,19.12,20.05,22.25,2.16,2.87,1.0,0.0,0,1010.0,75,-6.06,-3.07,6.1,-0.03,0.03,-0.0
2025-08-09,19:23:38,0,300.0,74.0,19.12,20.05,22.37,2.16,2.87,1.0,0.0,0,1139.0,75,-6.12,-3.1,6.06,-0.03,0.03,-0.0
2025-08-09,19:23:42,0,300.0,74.0,19.12,20.06,22.0,2.16,2.87,1.0,0.0,0,756.0,75,-6.1,-3.09,6.11,-0.03,0.03,-0.0
2025-08-09,19:23:48,0,23.0,92.0,19.12,20.07,21.94,2.16,2.87,1.0,16.0,0,1007.0,75,-6.11,-3.07,6.09,-0.03,0.03,-0.0
2025-08-09,19:23:52,0,214.0,92.0,19.12,20.05,21.94,2.16,2.87,1.0,0.0,0,1820.0,75,-6.11,-3.09,6.11,-0.03,0.03,-0.0
2025-08-09,19:23:58,0,300.0,92.0,19.12,20.07,22.13,2.16,2.87,1.0,0.0,0,1345.0,75,-6.11,-3.08,6.07,-0.03,0.03,-0.0
2025-08-09,19:24:02,0,62.0,37.0,19.12,20.07,22.19,2.16,2.87,1.0,0.0,0,1950.0,75,-6.11,-3.08,6.11,-0.03,0.03,-0.0
2025-08-09,19:24:08,0,37.0,62.0,19.12,20.09,22.31,2.16,2.87,1.0,0.0,0,525.0,75,-6.11,-3.06,6.1,-0.03,0.03,-0.0
2025-08-09,19:24:12,0,37.0,62.0,19.12,20.07,22.06,2.16,2.87,1.0,0.0,0,1419.0,75,-6.09,-3.07,6.1,-0.03,0.03,-0.0
2025-08-09,19:24:18,0,37.0,62.0,19.12,20.06,22.06,2.16,2.87,1.0,0.0,0,1350.0,75,-6.1,-3.09,6.06,-0.03,0.03,-0.0
2025-08-09,19:24:22,0,25.0,70.0,19.12,20.06,22.13,2.16,2.87,1.0,0.0,0,548.0,75,-6.11,-3.08,6.07,-0.03,0.03,-0.0
2025-08-09,19:24:28,0,26.0,58.0,19.12,20.09,22.13,2.16,2.87,1.0,0.0,0,943.0,75,-6.09,-3.09,6.07,-0.03,0.03,-0.0
2025-08-09,19:24:32,0,214.0,58.0,19.12,20.07,22.06,2.16,2.87,1.0,0.0,0,874.0,75,-6.08,-3.08,6.08,-0.03,0.03,-0.0
2025-08-09,19:24:38,0,214.0,85.0,19.12,20.09,22.19,2.16,2.87,1.0,0.0,0,528.0,75,-6.11,-3.09,6.11,-0.03,0.03,-0.0
2025-08-09,19:24:42,0,300.0,60.0,19.12,20.07,22.19,2.16,2.87,1.0,0.0,0,698.0,75,-6.09,-3.1,6.09,-0.03,0.03,-0.0
2025-08-09,19:24:48,0,65.0,60.0,19.06,20.06,21.94,2.16,2.87,1.0,0.0,0,348.0,75,-6.12,-3.1,6.1,-0.03,0.03,-0.0
2025-08-09,19:24:52,0,300.0,60.0,19.06,20.07,22.13,2.16,2.87,1.0,0.0,0,432.0,75,-6.11,-3.08,6.09,-0.03,0.03,-0.0
2025-08-09,19:24:58,0,150.0,75.0,19.12,20.05,22.13,2.16,2.87,1.0,0.0,0,837.0,75,-5.95,-3.12,5.74,-0.18,0.06,-0.01
2025-08-09,19:25:02,0,107.0,85.0,19.06,20.02,22.06,2.16,2.87,1.0,0.0,0,383.0,75,-6.1,-3.09,6.13,-0.03,0.03,-0.0
2025-08-09,19:25:08,0,125.0,75.0,19.12,20.01,22.25,2.16,2.87,1.0,0.0,0,386.0,75,-6.11,-3.11,6.07,-0.03,0.03,-0.0
2025-08-09,19:25:12,0,17.0,89.0,19.12,20.02,22.0,2.16,2.87,1.0,0.0,0,1154.0,75,-6.09,-3.08,6.1,-0.04,0.03,-0.0
2025-08-09,19:25:18,0,250.0,89.0,19.06,20.03,22.0,2.16,2.87,1.0,0.0,0,432.0,75,-6.1,-3.09,6.11,-0.03,0.03,-0.0
2025-08-09,19:25:22,0,250.0,89.0,19.12,20.02,22.19,2.16,2.87,1.0,0.0,0,829.0,75,-6.1,-3.1,6.11,-0.03,0.03,-0.0
2025-08-09,19:25:28,0,187.0,89.0,19.12,20.04,22.31,2.16,2.87,1.0,0.0,0,406.0,75,-6.09,-3.1,6.07,-0.03,0.03,-0.0
2025-08-09,19:25:32,0,107.0,100.0,19.06,20.07,22.0,2.16,2.87,1.0,0.0,0,381.0,75,-6.07,-3.06,6.16,-0.03,0.03,-0.0
2025-08-09,19:25:38,0,187.0,72.0,19.06,20.07,22.25,2.16,2.87,1.0,0.0,0,502.0,75,-6.11,-3.09,6.11,-0.03,0.03,-0.0
2025-08-09,19:25:42,0,214.0,72.0,19.06,20.09,22.25,2.16,2.87,1.0,0.0,0,380.0,75,-6.09,-3.08,6.07,-0.04,0.03,-0.0
2025-08-09,19:25:48,0,150.0,98.0,19.06,20.09,22.44,2.16,2.87,1.0,0.0,0,466.0,75,-6.1,-3.1,6.08,-0.04,0.03,-0.0
2025-08-09,19:25:52,0,166.0,98.0,19.06,20.09,22.25,2.16,2.87,1.0,0.0,0,367.0,75,-6.11,-3.09,6.1,-0.03,0.03,-0.0
2025-08-09,19:25:58,0,45.0,99.0,19.12,20.13,22.5,2.16,2.87,1.0,0.0,0,2240.0,75,-6.04,-3.07,6.11,-0.03,0.03,-0.0
2025-08-09,19:26:02,0,93.0,88.0,19.12,20.15,22.44,2.16,2.87,1.0,0.0,0,501.0,75,-6.2,-3.13,6.07,-0.01,0.03,-0.0
2025-08-09,19:26:08,0,250.0,72.0,19.06,20.19,22.44,2.16,2.87,1.0,0.0,0,1392.0,75,-6.12,-3.11,6.05,-0.03,0.03,-0.0
2025-08-09,19:26:12,0,93.0,40.0,19.06,20.24,22.37,2.16,2.87,1.0,4.0,0,882.0,75,-6.04,-3.08,6.15,-0.05,0.03,-0.0
2025-08-09,19:26:18,0,83.0,1.0,19.06,20.25,22.56,2.16,2.87,1.0,67.0,0,375.0,75,-6.15,-3.12,6.07,-0.03,0.03,-0.0
2025-08-09,19:26:22,0,250.0,31.0,19.06,20.27,22.31,2.16,2.87,1.0,0.0,0,371.0,75,-6.11,-3.09,6.05,-0.04,0.03,-0.0
2025-08-09,19:26:28,0,136.0,63.0,19.06,20.27,22.37,2.16,2.87,1.0,0.0,0,312.0,75,-6.15,-3.11,6.01,-0.03,0.03,-0.0
2025-08-09,19:26:32,0,136.0,63.0,19.06,20.3,22.13,2.16,2.87,1.0,0.0,0,340.0,75,-6.12,-3.12,6.07,-0.04,0.03,-0.0
2025-08-09,19:26:38,0,187.0,63.0,19.06,20.29,22.31,2.16,2.87,1.0,18.0,0,377.0,75,-6.09,-3.08,6.09,-0.03,0.03,-0.0
2025-08-09,19:26:42,0,250.0,79.0,19.06,20.27,22.25,2.16,2.87,1.0,0.0,0,411.0,75,-6.13,-3.11,6.07,-0.02,0.03,-0.0
2025-08-09,19:26:48,0,88.0,91.0,19.06,20.25,22.19,2.16,2.87,1.0,0.0,0,410.0,75,-6.12,-3.07,6.1,-0.03,0.03,-0.0
2025-08-09,19:26:52,0,57.0,85.0,19.12,20.25,22.37,2.16,2.87,1.0,0.0,0,1459.0,75,-6.12,-3.1,6.09,-0.03,0.03,-0.0
2025-08-09,19:26:58,0,60.0,99.0,19.06,20.25,22.5,2.16,2.87,1.0,0.0,0,393.0,75,-6.1,-3.09,6.1,-0.03,0.03,-0.0
2025-08-09,19:27:02,0,150.0,28.0,19.06,20.27,22.44,2.16,2.87,1.0,0.0,0,321.0,75,-6.09,-3.09,6.06,-0.03,0.03,-0.0
2025-08-09,19:27:08,0,125.0,56.0,19.12,20.27,22.69,2.16,2.87,1.0,0.0,0,329.0,75,-6.1,-3.08,6.07,-0.03,0.03,-0.0
2025-08-09,19:27:12,0,150.0,61.0,19.06,20.26,22.25,2.16,2.87,1.0,0.0,0,352.0,75,-6.1,-3.11,6.1,-0.03,0.03,-0.0
2025-08-09,19:27:18,0,125.0,70.0,19.12,20.26,22.44,2.16,2.87,1.0,0.0,0,421.0,75,-6.11,-3.09,6.09,-0.03,0.03,-0.0
2025-08-09,19:27:22,0,115.0,70.0,19.12,20.26,22.31,2.16,2.87,1.0,0.0,0,451.0,75,-6.11,-3.07,6.07,-0.03,0.03,-0.0
2025-08-09,19:27:28,0,107.0,70.0,19.12,20.28,22.06,2.16,2.87,1.0,0.0,0,487.0,75,-6.14,-3.1,6.12,-0.04,0.03,-0.0
2025-08-09,19:27:32,0,71.0,58.0,19.12,20.26,22.19,2.16,2.87,1.0,0.0,0,398.0,75,-6.1,-3.09,6.08,-0.03,0.03,-0.0
2025-08-09,19:27:38,0,125.0,58.0,19.12,20.24,22.06,2.16,2.87,1.0,0.0,0,500.0,75,-6.14,-3.13,6.01,-0.03,0.03,-0.0
2025-08-09,19:27:42,0,166.0,58.0,19.12,20.22,22.37,2.16,2.87,1.0,0.0,0,878.0,75,-6.09,-3.11,6.09,-0.03,0.03,-0.0
2025-08-09,19:27:48,0,100.0,58.0,19.12,20.21,22.19,2.16,2.87,1.0,0.0,0,378.0,75,-6.1,-3.08,6.09,-0.03,0.03,-0.0
2025-08-09,19:27:52,0,100.0,58.0,19.06,20.23,22.06,2.16,2.87,1.0,28.0,0,359.0,75,-6.07,-3.1,6.12,-0.03,0.03,-0.0
2025-08-09,19:27:58,0,48.0,100.0,19.12,20.23,22.31,2.16,2.87,1.0,0.0,0,328.0,75,-6.1,-3.12,6.11,-0.03,0.03,-0.0
2025-08-09,19:28:02,0,34.0,98.0,19.06,20.23,22.25,2.16,2.87,1.0,0.0,0,362.0,75,-6.13,-3.11,6.03,-0.03,0.03,-0.0
2025-08-09,19:28:08,0,83.0,67.0,19.06,20.22,22.13,2.16,2.87,1.0,0.0,0,482.0,75,-6.1,-3.08,6.09,-0.04,0.03,-0.0
2025-08-09,19:28:12,0,71.0,41.0,19.06,20.22,22.13,2.16,2.87,1.0,0.0,0,896.0,75,-6.1,-3.1,6.06,-0.03,0.03,-0.0
2025-08-09,19:28:18,0,71.0,41.0,19.06,20.21,21.94,2.16,2.87,1.0,0.0,0,703.0,75,-6.09,-3.09,6.1,-0.03,0.03,-0.0
2025-08-09,19:28:22,0,187.0,50.0,19.06,20.21,22.06,2.16,2.87,1.0,0.0,0,434.0,75,-6.1,-3.06,6.1,-0.03,0.03,-0.0
2025-08-09,19:28:28,0,107.0,50.0,19.06,20.19,22.13,2.16,2.87,1.0,0.0,0,611.0,75,-6.12,-3.1,6.07,-0.03,0.03,-0.0
2025-08-09,19:28:32,0,214.0,50.0,19.06,20.17,22.06,2.16,2.87,1.0,0.0,0,569.0,75,-6.09,-3.08,6.11,-0.03,0.03,-0.0
2025-08-09,19:28:38,0,250.0,50.0,19.06,20.17,22.19,2.16,2.87,1.0,0.0,0,389.0,75,-6.1,-3.07,6.1,-0.04,0.03,-0.0
2025-08-09,19:28:42,0,100.0,99.0,19.06,20.12,22.31,2.16,2.87,1.0,0.0,0,534.0,75,-6.13,-3.11,6.02,-0.03,0.03,-0.0
2025-08-09,19:28:48,0,57.0,1.0,19.06,20.11,21.94,2.16,2.87,1.0,0.0,0,567.0,75,-6.15,-3.11,6.05,-0.04,0.03,-0.0
2025-08-09,19:28:52,0,71.0,99.0,19.06,20.11,22.25,2.16,2.87,1.0,0.0,0,248.0,75,-6.02,-3.03,6.17,0.02,0.04,0.01
2025-08-09,19:28:58,0,166.0,62.0,19.06,20.1,22.06,2.16,2.87,1.0,0.0,0,362.0,75,-6.1,-3.09,6.08,-0.03,0.03,-0.0
2025-08-09,19:29:02,0,214.0,90.0,19.12,20.09,22.0,2.16,2.87,1.0,16.0,0,1540.0,75,-6.09,-3.07,6.11,-0.03,0.03,-0.0
2025-08-09,19:29:08,0,166.0,90.0,19.06,20.09,22.13,2.16,2.87,1.0,0.0,0,571.0,75,-6.12,-3.09,6.11,-0.04,0.03,-0.0
2025-08-09,19:29:12,0,214.0,43.0,19.12,20.09,22.0,2.16,2.87,1.0,0.0,0,1369.0,75,-6.11,-3.09,6.07,-0.03,0.03,-0.0
2025-08-09,19:29:18,0,166.0,43.0,19.06,20.09,22.06,2.16,2.87,1.0,15.0,0,688.0,75,-6.12,-3.08,6.04,-0.03,0.03,-0.0
2025-08-09,19:29:22,0,36.0,43.0,19.06,20.09,22.06,2.16,2.87,1.0,0.0,0,323.0,75,-6.12,-3.07,6.09,-0.03,0.03,-0.0
2025-08-09,19:29:28,0,150.0,89.0,19.06,20.06,22.0,2.16,2.87,1.0,0.0,0,519.0,75,-6.11,-3.07,6.09,-0.03,0.03,-0.0
2025-08-09,19:29:32,0,150.0,89.0,19.12,20.07,21.94,2.16,2.87,1.0,0.0,0,384.0,75,-6.1,-3.08,6.08,-0.03,0.03,-0.0
2025-08-09,19:29:38,0,300.0,89.0,19.06,20.07,22.25,2.16,2.87,1.0,0.0,0,518.0,75,-6.09,-3.09,6.06,-0.03,0.03,-0.0
2025-08-09,19:29:42,0,68.0,89.0,19.06,20.04,22.25,2.16,2.87,1.0,0.0,0,579.0,75,-6.11,-3.07,6.1,-0.03,0.03,-0.0
2025-08-09,19:29:48,0,250.0,89.0,19.06,20.03,22.06,2.16,2.87,1.0,0.0,0,1418.0,75,-6.1,-3.08,6.1,-0.03,0.03,-0.0
2025-08-09,19:29:52,0,93.0,89.0,19.06,20.0,22.19,2.16,2.87,1.0,0.0,0,1363.0,75,-6.11,-3.08,6.07,-0.04,0.03,-0.0
2025-08-09,19:29:58,0,187.0,61.0,19.06,20.01,22.19,2.16,2.87,1.0,0.0,0,427.0,75,-6.1,-3.07,6.09,-0.03,0.03,-0.0
2025-08-09,19:30:02,0,51.0,49.0,19.06,20.01,22.06,2.16,2.87,1.0,0.0,0,475.0,75,-6.08,-3.07,6.11,-0.03,0.03,-0.0
2025-08-09,19:30:08,0,125.0,21.0,19.06,20.02,22.13,2.16,2.87,1.0,0.0,0,480.0,75,-6.12,-3.09,6.07,-0.03,0.03,-0.0
2025-08-09,19:30:12,0,136.0,12.0,19.06,20.0,22.19,2.16,2.87,1.0,22.0,0,1296.0,75,-6.13,-3.09,6.09,-0.05,0.03,-0.01
2025-08-09,19:30:18,0,115.0,12.0,19.06,19.99,22.37,2.16,2.87,1.0,0.0,0,378.0,75,-6.11,-3.09,6.06,-0.03,0.03,-0.0
2025-08-09,19:30:28,0,100.0,100.0,19.06,20.02,22.5,2.16,2.87,1.0,80.0,0,1139.0,75,-6.12,-3.09,6.03,-0.03,0.03,-0.0
2025-08-09,19:30:35,0,187.0,81.0,19.06,20.0,22.31,1.94,2.65,1.0,0.0,0,272.0,75,-6.11,-3.09,6.1,-0.03,0.03,-0.0
2025-08-09,19:30:38,0,187.0,79.0,19.06,20.02,22.19,2.16,2.87,1.0,0.0,0,380.0,75,-6.11,-3.09,6.08,-0.03,0.03,-0.0
2025-08-09,19:30:45,0,75.0,81.0,19.06,20.03,22.5,1.94,2.65,1.0,0.0,0,815.0,75,-6.09,-3.07,6.08,-0.03,0.03,-0.0
2025-08-09,19:30:48,0,78.0,56.0,19.06,20.03,22.25,2.16,2.87,1.0,0.0,0,1923.0,75,-6.16,-3.12,6.05,-0.04,0.03,-0.0
2025-08-09,19:30:55,0,125.0,56.0,19.06,20.03,22.19,1.94,2.65,1.0,0.0,0,655.0,75,-6.1,-3.1,6.09,-0.03,0.03,-0.0
2025-08-09,19:30:58,0,100.0,56.0,19.06,19.99,22.25,2.16,2.87,1.0,0.0,0,1953.0,75,-6.1,-3.1,6.08,-0.03,0.03,-0.0
2025-08-09,19:31:05,0,107.0,76.0,19.06,20.02,22.19,1.94,2.65,1.0,0.0,0,333.0,75,-6.13,-3.12,6.07,-0.04,0.03,-0.0
2025-08-09,19:31:08,0,187.0,73.0,19.06,20.01,22.13,2.16,2.87,1.0,0.0,0,336.0,75,-6.12,-3.08,6.1,-0.02,0.03,-0.0
2025-08-09,19:31:15,0,136.0,73.0,19.06,20.03,22.31,1.94,2.65,1.0,0.0,0,940.0,75,-6.11,-3.11,6.04,-0.03,0.03,-0.0
2025-08-09,19:31:18,0,60.0,85.0,19.06,20.04,22.25,2.16,2.87,1.0,0.0,0,438.0,75,-6.07,-3.06,6.14,-0.03,0.03,-0.0
2025-08-09,19:31:25,0,83.0,90.0,19.0,20.05,22.44,1.94,2.65,1.0,0.0,0,474.0,75,-6.09,-3.09,6.1,-0.04,0.03,-0.0
2025-08-09,19:31:28,0,93.0,90.0,19.06,20.04,22.37,2.16,2.87,1.0,0.0,0,379.0,75,-6.09,-3.06,6.11,-0.02,0.03,-0.0
2025-08-09,19:31:35,0,187.0,90.0,19.0,20.08,22.25,1.94,2.65,1.0,0.0,0,375.0,75,-6.12,-3.08,6.09,-0.03,0.03,-0.0
2025-08-09,19:31:38,0,187.0,46.0,19.06,20.08,22.25,2.16,2.87,1.0,0.0,0,654.0,75,-6.11,-3.1,6.1,-0.03,0.03,-0.0
2025-08-09,19:31:45,0,53.0,94.0,19.0,20.08,22.31,1.94,2.65,1.0,0.0,0,434.0,75,-6.07,-3.06,6.14,-0.02,0.03,0.0
2025-08-09,19:31:48,0,115.0,65.0,19.0,20.07,22.31,2.16,2.87,1.0,0.0,0,344.0,75,-6.1,-3.08,6.1,-0.01,0.03,0.0
2025-08-09,19:31:55,0,65.0,99.0,19.06,20.08,22.44,1.94,2.65,1.0,0.0,0,406.0,75,-6.1,-3.09,6.1,-0.03,0.03,-0.0
2025-08-09,19:31:58,0,51.0,99.0,19.06,20.11,22.5,2.16,2.87,1.0,0.0,0,554.0,75,-6.14,-3.1,6.07,-0.04,0.03,-0.0
2025-08-09,19:32:05,0,150.0,97.0,19.06,20.13,22.56,1.94,2.65,1.0,0.0,0,421.0,75,-6.11,-3.1,6.08,-0.05,0.03,-0.01
2025-08-09,19:32:08,0,214.0,99.0,19.06,20.11,22.44,2.16,2.87,1.0,0.0,0,394.0,75,-6.1,-3.09,6.13,-0.04,0.03,-0.0
2025-08-09,19:32:15,0,214.0,99.0,19.06,20.14,22.56,1.94,2.65,1.0,0.0,0,1924.0,75,-6.09,-3.06,6.11,-0.03,0.03,-0.0
2025-08-09,19:32:18,0,187.0,99.0,19.06,20.15,22.56,2.16,2.87,1.0,0.0,0,765.0,75,-6.11,-3.07,6.07,-0.03,0.03,-0.0
2025-08-09,19:32:25,0,88.0,98.0,19.06,20.14,22.56,1.94,2.65,1.0,0.0,0,357.0,75,-6.09,-3.08,6.07,-0.03,0.03,-0.0
2025-08-09,19:32:28,0,136.0,98.0,19.06,20.15,22.44,2.16,2.87,1.0,0.0,0,541.0,75,-6.09,-3.08,6.11,-0.03,0.03,-0.0
2025-08-09,19:32:35,0,38.0,100.0,19.06,20.16,22.5,1.94,2.65,1.0,0.0,0,495.0,75,-6.11,-3.08,6.08,-0.03,0.03,-0.0
2025-08-09,19:32:38,0,34.0,100.0,19.06,20.13,22.44,2.16,2.87,1.0,0.0,0,515.0,75,-6.09,-3.05,6.13,-0.04,0.03,-0.0
2025-08-09,19:32:45,0,100.0,100.0,19.06,20.15,22.5,1.94,2.65,1.0,0.0,0,370.0,75,-6.09,-3.09,6.11,-0.03,0.03,-0.0
2025-08-09,19:32:48,0,57.0,100.0,19.06,20.12,22.37,2.16,2.87,1.0,0.0,0,392.0,75,-6.1,-3.09,6.09,-0.04,0.03,-0.0
2025-08-09,19:32:55,0,150.0,90.0,19.06,20.1,22.37,1.94,2.65,1.0,0.0,0,369.0,75,-6.11,-3.1,6.08,-0.03,0.03,-0.0
2025-08-09,19:32:58,0,115.0,10.0,19.06,20.08,22.19,2.16,2.87,1.0,0.0,0,461.0,75,-6.08,-3.06,6.12,-0.03,0.03,-0.0
2025-08-09,19:33:05,0,187.0,10.0,19.06,20.08,22.44,1.94,2.65,1.0,1114.0,0,962.0,75,-6.11,-3.1,6.13,-0.02,0.03,-0.0
2025-08-09,19:33:08,0,187.0,44.0,19.06,20.07,22.5,2.16,2.87,1.0,0.0,0,1797.0,75,-6.11,-3.07,6.14,-0.03,0.03,-0.0
2025-08-09,19:33:15,0,75.0,96.0,19.06,20.06,22.13,1.94,2.65,1.0,0.0,0,591.0,75,-6.1,-3.08,6.08,-0.03,0.03,-0.0
2025-08-09,19:33:18,0,166.0,23.0,19.06,20.05,22.25,2.16,2.87,1.0,0.0,0,435.0,75,-6.09,-3.09,6.11,-0.03,0.03,-0.0
2025-08-09,19:33:25,0,187.0,78.0,19.06,20.07,22.0,1.94,2.65,1.0,0.0,0,1836.0,75,-6.12,-3.08,6.1,-0.04,0.03,-0.0
2025-08-09,19:33:28,0,32.0,99.0,19.06,20.05,22.37,2.16,2.87,1.0,0.0,0,1587.0,75,-6.03,-3.01,6.24,-0.03,0.03,-0.0
2025-08-09,19:33:35,0,187.0,45.0,19.06,20.01,22.25,1.94,2.65,1.0,0.0,0,496.0,75,-6.02,-3.02,6.24,-0.03,0.03,-0.0
2025-08-09,19:33:38,0,136.0,45.0,19.06,20.02,22.13,2.16,2.87,1.0,0.0,0,446.0,75,-6.02,-3.04,6.19,-0.03,0.03,-0.0
2025-08-09,19:33:45,0,187.0,89.0,19.06,20.01,22.19,1.94,2.65,1.0,0.0,0,619.0,75,-6.1,-3.07,6.11,-0.03,0.03,-0.0
2025-08-09,19:33:48,0,150.0,99.0,19.06,20.03,22.13,2.16,2.87,1.0,0.0,0,1227.0,75,-6.11,-3.08,6.1,-0.03,0.03,-0.0
2025-08-09,19:33:55,0,136.0,99.0,19.06,20.01,22.19,1.94,2.65,1.0,0.0,0,1256.0,75,-6.0,-3.02,6.23,-0.02,0.03,-0.0
2025-08-09,19:33:58,0,166.0,99.0,19.06,20.0,21.94,2.16,2.87,1.0,2608.0,0,485.0,75,-6.12,-3.1,6.08,-0.03,0.03,-0.0
2025-08-09,19:34:05,0,100.0,15.0,19.06,19.99,22.13,1.94,2.65,1.0,0.0,0,351.0,75,-6.1,-3.08,6.09,-0.03,0.03,-0.0
2025-08-09,19:34:08,0,136.0,15.0,19.06,19.99,22.25,2.16,2.87,1.0,0.0,0,424.0,75,-6.1,-3.09,6.09,-0.03,0.03,-0.0
2025-08-09,19:34:15,0,250.0,15.0,19.06,19.98,22.25,1.94,2.65,1.0,0.0,0,471.0,75,-6.08,-3.08,6.13,-0.03,0.03,-0.0
2025-08-09,19:34:18,0,166.0,99.0,19.06,19.96,22.0,2.16,2.87,1.0,0.0,0,1357.0,75,-6.12,-3.07,6.09,-0.04,0.03,-0.0
2025-08-09,19:34:25,0,65.0,91.0,19.06,19.98,22.13,1.94,2.65,1.0,0.0,0,463.0,75,-6.08,-3.1,6.08,-0.03,0.03,-0.0
2025-08-09,19:34:28,0,53.0,21.0,19.06,20.02,22.0,2.16,2.87,1.0,0.0,0,230.0,75,-6.18,-3.16,5.95,-0.03,0.04,-0.0
2025-08-09,19:34:35,0,214.0,21.0,19.06,20.06,22.06,1.94,2.65,1.0,0.0,0,2358.0,75,-6.14,-3.11,6.04,-0.02,0.03,-0.0
2025-08-09,19:34:38,0,125.0,42.0,19.06,20.05,22.0,2.16,2.87,1.0,0.0,0,660.0,75,-6.14,-3.1,6.1,-0.05,0.03,-0.0
2025-08-09,19:34:45,0,37.0,50.0,19.06,20.09,22.06,1.94,2.65,1.0,10.0,0,379.0,75,-6.12,-3.1,6.04,-0.02,0.03,0.0
2025-08-09,19:34:48,0,60.0,28.0,19.06,20.11,21.94,2.16,2.87,1.0,0.0,0,515.0,75,-6.09,-3.06,6.15,-0.03,0.03,-0.0
2025-08-09,19:34:55,0,30.0,78.0,19.06,20.17,22.0,1.94,2.65,1.0,0.0,0,580.0,75,-6.08,-3.07,6.12,-0.03,0.03,-0.0
2025-08-09,19:34:58,0,166.0,86.0,19.06,20.19,22.19,2.16,2.87,1.0,0.0,0,1900.0,75,-6.13,-3.09,6.04,-0.03,0.03,-0.0
2025-08-09,19:35:05,0,37.0,62.0,19.06,20.23,22.19,1.94,2.65,1.0,16.0,0,1371.0,75,-6.07,-3.06,6.13,-0.04,0.03,-0.0
2025-08-09,19:35:09,0,37.0,62.0,19.06,20.27,22.06,2.16,2.87,1.0,0.0,0,417.0,75,-6.1,-3.11,6.01,-0.05,0.03,-0.01
2025-08-09,19:35:15,0,25.0,71.0,19.0,20.32,22.25,1.94,2.65,1.0,12.0,0,402.0,75,-6.12,-3.08,6.09,-0.02,0.03,0.0
2025-08-09,19:35:19,0,20.0,53.0,19.06,20.34,22.19,2.16,2.87,1.0,0.0,0,388.0,75,-6.08,-3.09,6.07,-0.03,0.03,-0.0
2025-08-09,19:35:25,0,125.0,29.0,19.06,20.32,22.06,1.94,2.65,1.0,0.0,0,579.0,75,-6.17,-3.1,6.17,-0.08,0.03,-0.01
2025-08-09,19:35:29,0,150.0,29.0,19.0,20.33,22.13,2.16,2.87,1.0,0.0,0,456.0,75,-6.11,-3.1,6.0,-0.07,0.03,-0.01
2025-08-09,19:35:35,0,71.0,29.0,19.06,20.34,21.94,1.94,2.65,1.0,0.0,0,451.0,75,-6.12,-3.07,6.07,-0.03,0.03,-0.0
2025-08-09,19:35:39,0,75.0,29.0,19.06,20.36,22.13,2.16,2.87,1.0,0.0,0,441.0,75,-6.07,-3.05,6.09,-0.04,0.03,-0.0
2025-08-09,19:35:45,0,166.0,29.0,19.06,20.34,22.19,1.94,2.65,1.0,0.0,0,1243.0,75,-6.13,-3.08,6.08,-0.03,0.03,-0.0
2025-08-09,19:35:49,0,115.0,29.0,19.06,20.35,22.31,2.16,2.87,1.0,0.0,0,777.0,75,-6.13,-3.08,6.1,-0.03,0.03,-0.0
2025-08-09,19:35:55,0,50.0,47.0,19.06,20.35,21.94,1.94,2.65,1.0,18.0,0,460.0,75,-6.08,-3.06,6.12,-0.03,0.03,-0.0
2025-08-09,19:35:59,0,45.0,47.0,19.06,20.36,22.37,2.16,2.87,1.0,60.0,0,362.0,75,-6.09,-3.06,6.1,-0.04,0.03,-0.0
2025-08-09,19:36:05,0,78.0,58.0,19.06,20.36,22.06,1.94,2.65,1.0,0.0,0,385.0,75,-6.09,-3.09,6.08,-0.03,0.03,-0.0
2025-08-09,19:36:09,0,46.0,75.0,19.06,20.34,22.0,2.16,2.87,1.0,0.0,0,312.0,75,-6.08,-3.07,6.12,-0.03,0.03,-0.0
2025-08-09,19:36:15,0,83.0,41.0,19.06,20.35,22.19,1.94,2.65,1.0,0.0,0,339.0,75,-6.11,-3.05,6.12,-0.03,0.03,-0.0
2025-08-09,19:36:19,0,83.0,74.0,19.06,20.36,22.19,2.16,2.87,1.0,0.0,0,512.0,75,-6.08,-3.1,6.08,-0.03,0.03,-0.0
2025-08-09,19:36:25,0,68.0,74.0,19.06,20.38,22.19,1.94,2.65,1.0,0.0,0,394.0,75,-6.12,-3.09,6.04,-0.03,0.03,-0.0
2025-08-09,19:36:29,0,50.0,63.0,19.06,20.35,22.19,2.16,2.87,1.0,4.0,0,490.0,75,-6.1,-3.09,6.06,-0.03,0.03,-0.0
2025-08-09,19:36:35,0,150.0,54.0,19.06,20.35,22.13,1.94,2.65,1.0,0.0,0,424.0,75,-6.12,-3.09,6.05,-0.03,0.03,-0.0
2025-08-09,19:36:39,0,150.0,98.0,19.06,20.35,22.13,2.16,2.87,1.0,0.0,0,388.0,75,-6.1,-3.07,6.07,-0.03,0.03,-0.0
2025-08-09,19:36:46,0,250.0,98.0,19.06,20.31,22.0,1.94,2.65,1.0,0.0,0,2403.0,75,-6.08,-3.09,6.07,-0.04,0.03,-0.0
2025-08-09,19:36:49,0,214.0,54.0,19.06,20.3,22.31,2.16,2.87,1.0,0.0,0,467.0,75,-6.07,-3.05,6.11,-0.03,0.03,-0.0
2025-08-09,19:36:56,0,166.0,100.0,19.06,20.29,22.0,1.94,2.65,1.0,0.0,0,355.0,75,-6.09,-3.07,6.12,-0.03,0.03,-0.0
2025-08-09,19:36:59,0,136.0,100.0,19.06,20.29,22.25,2.16,2.87,1.0,106.0,0,385.0,75,-6.09,-3.07,6.1,-0.03,0.03,-0.0
2025-08-09,19:37:06,0,83.0,100.0,19.06,20.26,22.25,1.94,2.65,1.0,0.0,0,379.0,75,-6.09,-3.08,6.1,-0.04,0.03,-0.0
2025-08-09,19:37:09,0,107.0,23.0,19.06,20.25,22.0,2.16,2.87,1.0,0.0,0,415.0,75,-6.1,-3.07,6.1,-0.03,0.03,-0.0
2025-08-09,19:37:16,0,187.0,100.0,19.0,20.24,22.13,1.94,2.65,1.0,8.0,0,535.0,75,-6.12,-3.07,6.09,-0.03,0.03,-0.0
2025-08-09,19:37:19,0,107.0,44.0,19.0,20.22,22.06,2.16,2.87,1.0,26.0,0,414.0,75,-6.1,-3.08,6.08,-0.03,0.03,-0.0
2025-08-09,19:37:26,0,136.0,81.0,19.0,20.19,22.06,1.94,2.65,1.0,0.0,0,593.0,75,-6.1,-3.06,6.09,-0.03,0.03,-0.0
2025-08-09,19:37:29,0,214.0,81.0,19.0,20.19,22.06,2.16,2.87,1.0,0.0,0,361.0,75,-6.09,-3.07,6.09,-0.03,0.03,-0.0
2025-08-09,19:37:36,0,300.0,81.0,19.0,20.14,22.13,1.94,2.65,1.0,45.0,0,356.0,75,-6.09,-3.08,6.11,-0.03,0.03,-0.0
2025-08-09,19:37:39,0,57.0,36.0,19.0,20.16,22.0,2.16,2.87,1.0,18.0,0,372.0,75,-6.11,-3.09,6.1,-0.03,0.03,-0.0
2025-08-09,19:37:46,0,75.0,36.0,19.0,20.16,22.31,1.94,2.65,1.0,0.0,0,409.0,75,-6.11,-3.09,6.1,-0.03,0.03,-0.0
2025-08-09,19:37:49,0,39.0,36.0,19.0,20.13,22.25,2.16,2.87,1.0,0.0,0,464.0,75,-6.08,-3.08,6.11,-0.03,0.03,-0.0
2025-08-09,19:37:56,0,27.0,100.0,19.0,20.14,22.25,1.94,2.65,1.0,0.0,0,383.0,75,-6.12,-3.11,6.09,-0.03,0.03,-0.0
2025-08-09,19:37:59,0,28.0,100.0,19.0,20.12,22.44,2.16,2.87,1.0,0.0,0,399.0,75,-6.1,-3.07,6.09,-0.03,0.03,-0.0
2025-08-09,19:38:06,0,100.0,99.0,19.0,20.13,22.37,1.94,2.65,1.0,0.0,0,265.0,75,-6.1,-3.07,6.13,-0.05,0.03,-0.0
2025-08-09,19:38:09,0,100.0,40.0,19.0,20.15,22.19,2.16,2.87,1.0,0.0,0,205.0,75,-6.1,-3.08,6.09,-0.04,0.03,-0.0
2025-08-09,19:38:16,0,166.0,2.0,19.0,20.18,22.37,1.94,2.65,1.0,5.0,0,1953.0,75,-6.09,-3.07,6.07,-0.03,0.03,-0.0
2025-08-09,19:38:19,0,150.0,23.0,19.0,20.22,22.13,2.16,2.87,1.0,0.0,0,620.0,75,-6.11,-3.07,6.1,-0.03,0.03,-0.0
2025-08-09,19:38:26,0,100.0,26.0,19.0,20.22,22.06,1.94,2.65,1.0,0.0,0,412.0,75,-6.11,-3.08,6.06,-0.03,0.03,-0.0
2025-08-09,19:38:29,0,55.0,66.0,19.0,20.25,21.94,2.16,2.87,1.0,0.0,0,1081.0,75,-6.12,-3.08,6.08,-0.04,0.03,-0.0
2025-08-09,19:38:36,0,41.0,61.0,19.0,20.28,22.31,1.94,2.65,1.0,0.0,0,1719.0,75,-6.08,-3.06,6.13,-0.03,0.03,-0.0
2025-08-09,19:38:39,0,34.0,28.0,19.06,20.31,22.13,2.16,2.87,1.0,0.0,0,2112.0,75,-6.08,-3.08,6.1,-0.03,0.03,-0.0
2025-08-09,19:38:46,0,62.0,98.0,19.06,20.35,22.06,1.94,2.65,1.0,0.0,0,1473.0,75,-6.11,-3.09,6.09,-0.03,0.03,-0.0
2025-08-09,19:38:49,0,38.0,98.0,19.06,20.36,22.25,2.16,2.87,1.0,0.0,0,350.0,75,-6.08,-3.07,6.08,-0.0,0.03,0.0
2025-08-09,19:38:56,0,187.0,66.0,19.06,20.4,22.06,1.94,2.65,1.0,0.0,0,1002.0,75,-6.09,-3.07,6.12,-0.03,0.03,-0.0
2025-08-09,19:38:59,0,300.0,66.0,19.06,20.44,22.25,2.16,2.87,1.0,0.0,0,1086.0,75,-6.08,-3.08,6.05,-0.03,0.03,-0.0
2025-08-09,19:39:06,0,78.0,66.0,19.06,20.44,22.0,1.94,2.65,1.0,0.0,0,457.0,75,-6.12,-3.05,6.12,-0.03,0.03,-0.0
2025-08-09,19:39:09,0,166.0,66.0,19.06,20.44,22.06,2.16,2.87,1.0,0.0,0,387.0,75,-6.12,-3.06,6.05,-0.03,0.03,-0.0
2025-08-09,19:39:16,0,166.0,66.0,19.06,20.41,22.06,1.94,2.65,1.0,0.0,0,357.0,75,-6.11,-3.09,6.09,-0.03,0.03,-0.0
2025-08-09,19:39:19,0,71.0,99.0,19.06,20.4,22.19,2.16,2.87,1.0,0.0,0,417.0,75,-6.09,-3.05,6.09,-0.03,0.03,-0.0
2025-08-09,19:39:26,0,100.0,96.0,19.06,20.38,22.31,1.94,2.65,1.0,0.0,0,1380.0,75,-6.12,-3.09,6.06,-0.03,0.03,-0.0
2025-08-09,19:39:29,0,68.0,88.0,19.06,20.35,22.31,2.16,2.87,1.0,0.0,0,453.0,75,-6.04,-3.04,6.16,-0.02,0.03,-0.0
2025-08-09,19:39:36,0,100.0,43.0,19.06,20.38,22.25,1.94,2.65,1.0,0.0,0,426.0,75,-6.08,-3.08,6.08,-0.03,0.03,-0.0
2025-08-09,19:39:39,0,100.0,44.0,19.06,20.34,22.13,2.16,2.87,1.0,16.0,0,415.0,75,-6.09,-3.07,6.08,-0.03,0.03,-0.0
2025-08-09,19:39:46,0,107.0,73.0,19.06,20.34,22.06,1.94,2.65,1.0,0.0,0,430.0,75,-6.11,-3.08,6.1,-0.03,0.03,-0.0
2025-08-09,19:39:49,0,75.0,92.0,19.06,20.33,22.13,2.16,2.87,1.0,0.0,0,474.0,75,-6.1,-3.06,6.04,-0.03,0.03,0.0
2025-08-09,19:39:56,0,57.0,69.0,19.06,20.35,22.44,1.94,2.65,1.0,0.0,0,554.0,75,-6.1,-3.1,6.1,-0.03,0.03,-0.0
2025-08-09,19:39:59,0,68.0,69.0,19.06,20.33,22.19,2.16,2.87,1.0,0.0,0,950.0,75,-6.14,-3.13,6.07,-0.04,0.03,-0.0
2025-08-09,19:40:06,0,88.0,47.0,19.06,20.35,22.13,1.94,2.65,1.0,0.0,0,651.0,75,-6.05,-3.04,6.13,-0.03,0.03,-0.0
2025-08-09,19:40:09,0,166.0,91.0,19.06,20.33,22.06,2.16,2.87,1.0,0.0,0,572.0,75,-6.1,-3.1,6.03,-0.03,0.03,-0.0
2025-08-09,19:40:16,0,71.0,10.0,19.06,20.34,22.31,1.94,2.65,1.0,0.0,0,383.0,75,-6.1,-3.09,6.08,-0.03,0.03,-0.0
2025-08-09,19:40:19,0,150.0,10.0,19.06,20.34,22.25,2.16,2.87,1.0,0.0,0,477.0,75,-6.11,-3.06,6.12,-0.03,0.03,-0.0
2025-08-09,19:40:26,0,214.0,10.0,19.06,20.35,22.19,1.94,2.65,1.0,0.0,0,564.0,75,-6.1,-3.08,6.09,-0.03,0.03,-0.0
2025-08-09,19:40:29,0,55.0,98.0,19.06,20.36,22.31,2.16,2.87,1.0,0.0,0,487.0,75,-6.14,-3.12,6.05,-0.02,0.03,0.0
2025-08-09,19:40:36,0,26.0,91.0,19.06,20.29,22.37,1.94,2.65,1.0,0.0,0,470.0,75,-6.11,-3.09,6.06,-0.03,0.03,-0.0
2025-08-09,19:40:39,0,34.0,90.0,19.06,20.31,22.44,2.16,2.87,1.0,0.0,0,539.0,75,-6.1,-3.07,6.08,-0.03,0.03,-0.0
2025-08-09,19:40:46,0,166.0,64.0,19.06,20.31,22.5,1.94,2.65,1.0,0.0,0,512.0,75,-6.13,-3.1,6.09,-0.03,0.03,-0.0
2025-08-09,19:40:49,0,83.0,93.0,19.06,20.28,22.5,2.16,2.87,1.0,0.0,0,483.0,75,-6.07,-3.07,6.11,-0.03,0.03,-0.0
2025-08-09,19:40:56,0,187.0,50.0,19.06,20.31,22.5,1.94,2.65,1.0,0.0,0,725.0,75,-6.12,-3.09,6.04,0.0,0.03,0.01
2025-08-09,19:40:59,0,115.0,68.0,19.06,20.31,22.69,2.16,2.87,1.0,0.0,0,490.0,75,-6.12,-3.09,6.07,-0.03,0.03,-0.0
2025-08-09,19:41:06,0,46.0,47.0,19.06,20.29,22.56,1.94,2.65,1.0,0.0,0,733.0,75,-6.12,-3.11,6.08,-0.02,0.03,0.0
2025-08-09,19:41:09,0,20.0,80.0,19.06,20.28,22.5,2.16,2.87,1.0,0.0,0,670.0,75,-6.12,-3.1,6.05,-0.03,0.03,-0.0
2025-08-09,19:41:16,0,107.0,90.0,19.06,20.29,22.44,1.94,2.65,1.0,0.0,0,543.0,75,-6.1,-3.09,6.03,-0.04,0.03,-0.0
2025-08-09,19:41:19,0,107.0,90.0,19.06,20.28,22.37,2.16,2.87,1.0,0.0,0,507.0,75,-6.11,-3.08,6.1,-0.03,0.03,-0.0
2025-08-09,19:41:26,0,93.0,47.0,19.06,20.28,22.56,1.94,2.65,1.0,0.0,0,717.0,75,-6.11,-3.07,6.07,-0.04,0.03,-0.0
2025-08-09,19:41:29,0,125.0,67.0,19.06,20.31,22.69,2.16,2.87,1.0,0.0,0,446.0,75,-6.11,-3.08,6.05,-0.03,0.03,-0.0
2025-08-09,19:41:36,0,250.0,71.0,19.06,20.32,22.44,1.94,2.65,1.0,0.0,0,460.0,75,-6.11,-3.07,6.1,-0.03,0.03,-0.0
2025-08-09,19:41:39,0,214.0,99.0,19.06,20.31,22.5,2.16,2.87,1.0,0.0,0,1583.0,75,-6.1,-3.07,6.1,-0.03,0.03,-0.0
2025-08-09,19:41:46,0,62.0,88.0,19.06,20.33,22.5,1.94,2.65,1.0,0.0,0,489.0,75,-6.1,-3.07,6.07,-0.03,0.03,-0.0
2025-08-09,19:41:49,0,93.0,98.0,19.06,20.31,22.5,2.16,2.87,1.0,0.0,0,655.0,75,-6.1,-3.06,6.12,0.01,0.03,0.01
2025-08-09,19:41:56,0,107.0,98.0,19.06,20.32,22.81,1.94,2.65,1.0,0.0,0,372.0,75,-6.09,-3.05,6.11,-0.03,0.03,-0.0
2025-08-09,19:41:59,0,107.0,98.0,19.06,20.32,22.69,2.16,2.87,1.0,0.0,0,2864.0,75,-6.13,-3.09,6.03,-0.03,0.03,-0.0
2025-08-09,19:42:06,0,187.0,42.0,19.06,20.29,22.69,1.94,2.65,1.0,0.0,0,674.0,75,-6.11,-3.08,6.08,-0.03,0.03,-0.0
2025-08-09,19:42:09,0,136.0,42.0,19.06,20.28,22.69,2.16,2.87,1.0,0.0,0,471.0,75,-6.09,-3.09,6.1,-0.03,0.03,-0.0
2025-08-09,19:42:16,0,125.0,96.0,19.12,20.25,22.62,1.94,2.65,1.0,0.0,0,395.0,75,-6.09,-3.08,6.09,-0.04,0.03,-0.0
2025-08-09,19:42:19,0,150.0,16.0,19.06,20.23,22.81,2.16,2.87,1.0,0.0,0,1927.0,75,-6.1,-3.07,6.12,-0.03,0.03,-0.0
2025-08-09,19:42:29,0,125.0,16.0,19.06,20.19,22.62,2.16,2.87,1.0,0.0,0,610.0,75,-6.11,-3.08,6.11,-0.03,0.03,-0.0
2025-08-09,19:42:39,0,75.0,98.0,19.06,20.2,22.37,2.16,2.87,1.0,0.0,0,422.0,75,-6.09,-3.1,6.1,-0.04,0.03,-0.0
2025-08-09,19:42:49,0,115.0,100.0,19.06,20.19,22.5,2.16,2.87,1.0,29.0,0,532.0,75,-6.07,-3.07,6.12,-0.03,0.03,-0.0
2025-08-09,19:42:59,0,100.0,100.0,19.06,20.18,22.5,2.16,2.87,1.0,0.0,0,433.0,75,-6.1,-3.07,6.1,-0.03,0.03,-0.0
2025-08-09,19:43:09,0,125.0,100.0,19.12,20.19,22.44,2.16,2.87,1.0,0.0,0,510.0,75,-6.09,-3.07,6.11,-0.03,0.03,-0.0
2025-08-09,19:43:19,0,150.0,98.0,19.06,20.14,22.75,2.16,2.87,1.0,0.0,0,800.0,75,-6.08,-3.05,6.14,-0.04,0.03,-0.0
2025-08-09,19:43:29,0,51.0,98.0,19.06,20.18,22.62,2.16,2.87,1.0,34.0,0,464.0,75,-6.14,-3.08,6.07,-0.04,0.03,-0.0
2025-08-09,19:43:39,0,166.0,98.0,19.06,20.18,22.69,2.16,2.87,1.0,16.0,0,585.0,75,-6.1,-3.09,6.09,-0.03,0.03,-0.0
2025-08-09,19:43:49,0,68.0,98.0,19.12,20.16,22.56,2.16,2.87,1.0,0.0,0,491.0,75,-6.1,-3.09,6.11,-0.03,0.03,-0.0
2025-08-09,19:43:59,0,187.0,11.0,19.12,20.08,22.75,2.16,2.87,1.0,0.0,0,692.0,75,-6.13,-3.1,6.06,-0.03,0.03,-0.0
2025-08-09,19:44:09,0,100.0,41.0,19.12,20.07,22.75,2.16,2.87,1.0,0.0,0,1306.0,75,-6.1,-3.04,6.12,-0.03,0.03,-0.0
2025-08-09,19:44:19,0,115.0,100.0,19.12,20.06,22.62,2.16,2.87,1.0,0.0,0,475.0,75,-6.1,-3.06,6.12,-0.03,0.03,-0.0
2025-08-09,19:44:29,0,115.0,41.0,19.12,20.06,22.5,2.16,2.87,1.0,0.0,0,342.0,75,-6.11,-3.1,6.07,-0.03,0.03,-0.0
2025-08-09,19:44:39,0,115.0,78.0,19.12,20.07,22.62,2.16,2.87,1.0,0.0,0,476.0,75,-6.11,-3.07,6.1,-0.03,0.03,-0.0
2025-08-09,19:44:49,0,187.0,55.0,19.12,20.09,22.44,2.16,2.87,1.0,0.0,0,509.0,75,-6.06,-3.05,6.13,-0.03,0.03,-0.0
2025-08-09,19:44:59,0,136.0,93.0,19.12,20.06,22.56,2.16,2.87,1.0,1.0,0,538.0,75,-6.09,-3.09,6.11,-0.03,0.03,-0.0
2025-08-09,19:45:09,0,214.0,49.0,19.12,20.05,22.56,2.16,2.87,1.0,0.0,0,463.0,75,-6.12,-3.08,6.1,-0.03,0.03,-0.0
2025-08-09,19:45:19,0,187.0,100.0,19.12,20.02,22.31,2.16,2.87,1.0,6.0,0,567.0,75,-6.1,-3.07,6.12,-0.03,0.03,-0.0
2025-08-09,19:45:29,0,136.0,100.0,19.12,20.02,22.31,2.16,2.87,1.0,0.0,0,392.0,75,-6.12,-3.08,6.11,-0.03,0.03,-0.0
2025-08-09,19:45:39,0,88.0,96.0,19.12,20.02,22.25,2.16,2.87,1.0,0.0,0,96.0,75,-6.11,-3.09,6.1,-0.03,0.03,-0.0
2025-08-09,19:45:49,0,187.0,77.0,19.12,20.01,22.44,2.16,2.87,1.0,0.0,0,314.0,75,-6.09,-3.08,6.13,-0.02,0.03,-0.0
2025-08-09,19:45:59,0,38.0,25.0,19.12,20.03,22.13,2.16,2.87,1.0,0.0,0,363.0,75,-6.09,-3.07,6.17,-0.02,0.03,-0.0
2025-08-09,19:46:09,0,150.0,31.0,19.12,20.02,22.19,2.16,2.87,1.0,0.0,0,582.0,75,-6.11,-3.07,6.11,-0.03,0.03,-0.0
2025-08-09,19:46:19,0,107.0,80.0,19.94,20.01,22.25,2.16,2.87,1.0,0.0,0,435.0,75,-6.1,-3.06,6.13,-0.03,0.03,-0.0
2025-08-09,19:46:29,0,88.0,53.0,20.88,20.04,22.13,2.16,2.87,1.0,0.0,0,444.0,75,-6.05,-3.08,6.13,-0.04,0.03,-0.0
2025-08-09,19:46:39,0,107.0,100.0,20.81,20.03,22.25,2.16,2.87,1.0,0.0,0,441.0,75,-1.93,-8.37,4.1,-0.86,-0.19,-0.54
2025-08-09,19:46:49,0,125.0,77.0,20.69,20.12,22.5,2.16,2.87,1.0,0.0,0,511.0,75,-5.39,-4.19,6.16,-0.04,0.03,-0.0
2025-08-09,19:46:59,0,34.0,86.0,20.56,20.08,22.31,2.16,2.87,1.0,0.0,0,972.0,75,-5.4,-4.3,6.08,-0.04,0.03,-0.0
2025-08-09,19:47:09,0,100.0,90.0,20.37,20.04,22.06,2.16,2.87,1.0,0.0,0,610.0,75,-5.35,-4.37,6.12,-0.03,0.03,-0.0
2025-08-09,19:47:19,0,187.0,16.0,20.31,20.02,22.37,2.16,2.87,1.0,0.0,0,157.0,75,-5.37,-4.4,6.04,-0.04,0.03,0.0
2025-08-09,19:47:29,0,88.0,100.0,20.19,20.01,22.31,2.16,2.87,1.0,55.0,0,237.0,75,-5.38,-4.45,6.01,-0.03,0.03,-0.0
2025-08-09,19:47:39,0,115.0,100.0,20.12,19.95,22.25,2.16,2.87,1.0,0.0,0,407.0,75,-5.37,-4.47,5.99,-0.03,0.03,-0.0
2025-08-09,19:47:49,0,150.0,100.0,20.06,19.97,22.37,2.16,2.87,1.0,0.0,0,1122.0,75,-5.28,-4.46,6.1,-0.03,0.03,-0.0
2025-08-09,19:47:59,0,83.0,87.0,20.0,19.94,22.5,2.16,2.87,1.0,0.0,0,687.0,75,-5.35,-4.49,6.03,-0.03,0.03,-0.0
2025-08-09,19:48:09,0,68.0,100.0,19.94,19.91,22.44,2.16,2.87,1.0,0.0,0,2179.0,75,-5.32,-4.51,6.0,-0.04,0.03,-0.0
2025-08-09,19:48:19,0,187.0,100.0,19.87,19.92,22.37,2.16,2.87,1.0,0.0,0,411.0,75,-5.33,-4.5,6.0,-0.03,0.03,-0.0
2025-08-09,19:48:29,0,166.0,0.0,19.87,19.91,22.62,2.16,2.87,1.0,0.0,0,379.0,75,-5.35,-4.53,5.98,-0.03,0.03,-0.0
2025-08-09,19:48:39,0,150.0,85.0,19.81,19.87,22.5,2.16,2.87,1.0,0.0,0,1215.0,75,-5.35,-4.57,5.98,-0.03,0.03,-0.0
2025-08-09,19:48:49,0,300.0,85.0,19.75,19.91,22.56,2.16,2.87,1.0,0.0,0,572.0,75,-5.36,-4.53,5.98,-0.04,0.03,-0.0
2025-08-09,19:48:59,0,250.0,100.0,19.75,19.87,22.62,2.16,2.87,1.0,0.0,0,255.0,75,-5.3,-4.53,5.98,-0.03,0.03,-0.0
2025-08-09,19:49:09,0,37.0,100.0,19.75,19.85,22.56,2.16,2.87,1.0,0.0,0,352.0,75,-5.33,-4.58,5.94,-0.03,0.03,-0.0
2025-08-09,19:49:19,0,88.0,98.0,19.69,19.84,22.56,2.16,2.87,1.0,0.0,0,367.0,75,-5.33,-4.58,5.98,-0.03,0.03,-0.0
2025-08-09,19:49:29,0,93.0,78.0,20.88,19.82,22.5,2.16,2.87,1.0,0.0,0,1309.0,75,-5.56,-4.62,5.57,-0.01,0.06,-0.04
2025-08-09,19:49:39,0,166.0,45.0,21.0,19.8,22.31,2.16,2.87,1.0,0.0,0,1446.0,75,-5.33,-4.59,5.94,-0.03,0.03,-0.0
2025-08-09,19:49:49,0,78.0,77.0,20.94,19.81,22.25,2.16,2.87,1.0,0.0,0,709.0,75,-5.34,-4.59,5.94,-0.04,0.03,-0.0
2025-08-09,19:49:59,0,51.0,77.0,20.88,19.79,22.13,2.16,2.87,1.0,0.0,0,679.0,75,-5.35,-4.63,5.94,-0.03,0.03,-0.0
2025-08-09,19:50:09,0,100.0,77.0,20.75,19.83,22.25,2.16,2.87,1.0,0.0,0,539.0,75,-5.32,-4.62,5.96,-0.03,0.03,-0.0
2025-08-09,19:50:19,0,136.0,72.0,20.62,19.82,22.19,2.16,2.87,1.0,0.0,0,462.0,75,-5.3,-4.57,5.98,-0.04,0.03,0.0
2025-08-09,19:50:29,0,150.0,100.0,20.56,19.84,22.25,2.16,2.87,1.0,0.0,0,1070.0,75,-5.34,-4.63,5.91,-0.04,0.03,-0.0
2025-08-09,19:50:39,0,83.0,40.0,20.44,19.86,22.25,2.16,2.87,1.0,16.0,0,465.0,75,-5.33,-4.62,5.93,-0.03,0.03,-0.0
2025-08-09,19:50:49,0,39.0,96.0,20.37,19.86,22.5,2.16,2.87,1.0,0.0,0,564.0,75,-5.35,-4.63,5.93,-0.03,0.03,-0.0
2025-08-09,19:50:59,0,55.0,85.0,20.25,19.87,22.62,2.16,2.87,1.0,0.0,0,519.0,75,-5.33,-4.64,5.9,-0.03,0.03,-0.0
2025-08-09,19:51:09,0,250.0,98.0,20.19,19.89,22.44,2.16,2.87,1.0,0.0,0,280.0,75,-5.31,-4.62,5.93,-0.03,0.03,-0.0
2025-08-09,19:51:19,0,166.0,93.0,20.12,19.86,22.56,2.16,2.87,1.0,0.0,0,401.0,75,-5.33,-4.62,5.88,-0.03,0.03,-0.0
2025-08-09,19:51:29,0,88.0,74.0,20.06,19.81,22.25,2.16,2.87,1.0,73.0,0,560.0,75,-5.33,-4.65,5.91,-0.03,0.03,-0.0
2025-08-09,19:51:39,0,88.0,74.0,20.0,19.76,22.31,2.16,2.87,1.0,0.0,0,897.0,75,-5.32,-4.63,5.89,-0.03,0.03,-0.0
2025-08-09,19:51:49,0,22.0,63.0,20.0,19.7,22.0,2.16,2.87,1.0,0.0,0,457.0,75,-5.33,-4.66,5.9,-0.03,0.03,-0.0
2025-08-09,19:52:00,0,39.0,72.0,19.94,19.67,22.44,2.16,2.87,1.0,0.0,0,494.0,75,-5.32,-4.64,5.92,-0.03,0.03,-0.0
2025-08-09,19:52:10,0,18.0,42.0,19.87,19.63,22.31,2.16,2.87,1.0,0.0,0,468.0,75,-5.3,-4.68,5.89,-0.03,0.03,-0.0
2025-08-09,19:52:20,0,31.0,95.0,19.81,19.63,22.31,2.16,2.87,1.0,0.0,0,356.0,75,-5.34,-4.66,5.92,-0.03,0.03,-0.0
2025-08-09,19:52:30,0,18.0,70.0,19.75,19.61,22.06,2.16,2.87,1.0,0.0,0,1150.0,75,-5.33,-4.66,5.93,-0.03,0.03,-0.0
2025-08-09,19:52:40,0,250.0,70.0,19.75,19.61,22.0,2.16,2.87,1.0,0.0,0,481.0,75,-5.33,-4.66,5.89,-0.03,0.03,-0.0
2025-08-09,19:52:50,0,214.0,88.0,19.69,19.58,22.13,2.16,2.87,1.0,17.0,0,778.0,75,-5.34,-4.66,5.9,-0.03,0.03,-0.0
2025-08-09,19:53:00,0,27.0,88.0,19.69,19.54,21.87,2.16,2.87,1.0,0.0,0,543.0,75,-5.32,-4.66,5.94,-0.03,0.03,-0.0
2025-08-09,19:53:10,0,38.0,6.0,19.62,19.54,22.0,2.16,2.87,1.0,0.0,0,440.0,75,-5.33,-4.68,5.9,-0.03,0.03,-0.0
2025-08-09,19:53:20,0,19.0,74.0,19.62,19.52,22.0,2.16,2.87,1.0,0.0,0,460.0,75,-5.32,-4.69,5.91,-0.03,0.03,-0.0
2025-08-09,19:53:30,0,32.0,69.0,19.62,19.52,22.0,2.16,2.87,1.0,22.0,0,496.0,75,-5.33,-4.67,5.91,-0.03,0.03,-0.0
2025-08-09,19:53:40,0,17.0,64.0,19.56,19.52,22.0,2.16,2.87,1.0,28.0,0,438.0,75,-5.33,-4.7,5.91,-0.03,0.03,-0.0
2025-08-09,19:53:50,0,16.0,68.0,19.56,19.48,21.87,2.16,2.87,1.0,0.0,0,491.0,75,-5.32,-4.68,5.9,-0.03,0.03,-0.0
2025-08-09,19:54:00,0,16.0,68.0,19.5,19.48,22.0,2.16,2.87,1.0,0.0,0,485.0,75,-5.32,-4.69,5.88,-0.03,0.03,-0.0
2025-08-09,19:54:10,0,25.0,56.0,19.5,19.42,21.87,2.16,2.87,1.0,0.0,0,447.0,75,-5.33,-4.68,5.92,-0.03,0.03,-0.0
2025-08-09,19:54:20,0,39.0,86.0,19.5,19.45,21.62,2.16,2.87,1.0,0.0,0,323.0,75,-5.33,-4.69,5.9,-0.03,0.03,-0.0
2025-08-09,19:54:30,0,300.0,78.0,19.44,19.44,22.19,2.16,2.87,1.0,18.0,0,453.0,75,-5.32,-4.69,5.9,-0.03,0.03,-0.0
2025-08-09,19:54:40,0,300.0,78.0,19.44,19.43,21.87,2.16,2.87,1.0,0.0,0,438.0,75,-5.33,-4.7,5.91,-0.03,0.03,-0.0
2025-08-09,19:54:50,0,300.0,78.0,19.44,19.41,21.87,2.16,2.87,1.0,0.0,0,337.0,75,-5.34,-4.68,5.9,-0.03,0.03,-0.0
2025-08-09,19:55:00,0,30.0,84.0,19.44,19.41,21.75,2.16,2.87,1.0,0.0,0,443.0,75,-5.33,-4.71,5.89,-0.03,0.03,-0.0
2025-08-09,19:55:10,0,28.0,84.0,19.37,19.39,21.81,2.16,2.87,1.0,0.0,0,510.0,75,-5.32,-4.7,5.9,-0.03,0.03,-0.0
2025-08-09,19:55:20,0,33.0,26.0,19.37,19.4,21.81,2.16,2.87,1.0,80.0,0,298.0,75,-5.34,-4.7,5.9,-0.03,0.03,-0.0
2025-08-09,19:55:30,0,27.0,1.0,19.37,19.36,21.75,2.16,2.87,1.0,0.0,0,360.0,75,-5.34,-4.71,5.89,-0.03,0.03,-0.0
2025-08-09,19:55:40,0,33.0,42.0,19.37,19.33,21.94,2.16,2.87,1.0,0.0,0,353.0,75,-5.33,-4.7,5.89,-0.03,0.03,-0.0
2025-08-09,19:55:50,0,38.0,42.0,19.31,19.32,21.75,2.16,2.87,1.0,0.0,0,674.0,75,-5.33,-4.7,5.86,-0.03,0.03,-0.0
2025-08-09,19:56:00,0,18.0,81.0,19.31,19.32,22.0,2.16,2.87,1.0,0.0,0,327.0,75,-5.32,-4.7,5.9,-0.03,0.03,-0.0
2025-08-09,19:56:10,0,18.0,81.0,19.31,19.3,21.62,2.16,2.87,1.0,0.0,0,364.0,75,-5.32,-4.72,5.91,-0.03,0.03,-0.0
2025-08-09,19:56:20,0,18.0,81.0,19.31,19.29,21.75,2.16,2.87,1.0,0.0,0,446.0,75,-5.32,-4.71,5.89,-0.03,0.03,-0.0
2025-08-09,19:56:30,0,214.0,81.0,19.25,19.3,21.62,2.16,2.87,1.0,0.0,0,673.0,75,-5.33,-4.73,5.88,-0.03,0.03,-0.0
2025-08-09,19:56:40,0,20.0,61.0,19.25,19.29,21.75,2.16,2.87,1.0,0.0,0,640.0,75,-5.33,-4.72,5.9,-0.03,0.03,-0.0
2025-08-09,19:56:50,0,33.0,98.0,19.25,19.27,21.69,2.16,2.87,1.0,0.0,0,1556.0,75,-5.34,-4.71,5.86,-0.03,0.03,-0.0
2025-08-09,19:57:00,0,53.0,51.0,19.25,19.24,21.62,2.16,2.87,1.0,0.0,0,459.0,75,-5.32,-4.74,5.88,-0.03,0.03,-0.0
2025-08-09,19:57:10,0,17.0,27.0,19.19,19.25,21.81,2.16,2.87,1.0,0.0,0,324.0,75,-5.33,-4.72,5.9,-0.03,0.03,-0.0
2025-08-09,19:57:20,0,57.0,21.0,19.19,19.26,21.62,2.16,2.87,1.0,0.0,0,328.0,75,-5.31,-4.71,5.87,-0.03,0.03,-0.0
2025-08-09,19:57:30,0,62.0,61.0,19.19,19.27,21.62,2.16,2.87,1.0,74.0,0,391.0,75,-5.31,-4.72,5.87,-0.03,0.03,-0.0
2025-08-09,19:57:40,0,30.0,67.0,19.19,19.27,21.62,2.16,2.87,1.0,0.0,0,487.0,75,-5.32,-4.71,5.89,-0.03,0.03,-0.0
2025-08-09,19:57:50,0,16.0,67.0,19.19,19.29,21.5,2.16,2.87,1.0,0.0,0,366.0,75,-5.32,-4.74,5.87,-0.03,0.03,-0.0
2025-08-09,19:58:00,0,214.0,67.0,19.19,19.27,21.75,2.16,2.87,1.0,0.0,0,567.0,75,-5.32,-4.71,5.89,-0.03,0.03,-0.0
2025-08-09,19:58:10,0,40.0,73.0,19.19,19.27,21.56,2.16,2.87,1.0,0.0,0,351.0,75,-5.32,-4.73,5.88,-0.03,0.03,-0.0
2025-08-09,19:58:20,0,22.0,63.0,19.19,19.28,21.62,2.16,2.87,1.0,0.0,0,394.0,75,-5.33,-4.73,5.88,-0.03,0.03,-0.0
2025-08-09,19:58:30,0,35.0,74.0,19.12,19.25,21.56,2.16,2.87,1.0,0.0,0,461.0,75,-5.33,-4.72,5.89,-0.03,0.03,-0.0
2025-08-09,19:58:40,0,21.0,80.0,19.12,19.25,21.37,2.16,2.87,1.0,0.0,0,345.0,75,-5.33,-4.73,5.87,-0.03,0.03,-0.0
2025-08-09,19:58:50,0,34.0,72.0,19.12,19.26,21.75,2.16,2.87,1.0,0.0,0,395.0,75,-5.33,-4.74,5.88,-0.03,0.03,-0.0
2025-08-09,19:59:00,0,65.0,92.0,19.12,19.27,21.5,2.16,2.87,1.0,0.0,0,426.0,75,-5.32,-4.74,5.87,-0.03,0.03,-0.0
2025-08-09,19:59:10,0,16.0,44.0,19.12,19.22,21.5,2.16,2.87,1.0,0.0,0,393.0,75,-5.32,-4.74,5.88,-0.03,0.03,-0.0
2025-08-09,19:59:20,0,34.0,52.0,19.12,19.18,21.56,2.16,2.87,1.0,0.0,0,352.0,75,-5.31,-4.75,5.89,-0.03,0.03,-0.0
2025-08-09,19:59:30,0,44.0,69.0,19.12,19.19,21.62,2.16,2.87,1.0,0.0,0,348.0,75,-5.33,-4.74,5.86,-0.03,0.03,-0.0
2025-08-09,19:59:40,0,100.0,98.0,19.06,19.19,21.62,2.16,2.87,1.0,0.0,0,366.0,75,-5.33,-4.72,5.86,-0.03,0.03,-0.0
2025-08-09,19:59:50,0,100.0,98.0,19.06,19.2,21.56,2.16,2.87,1.0,0.0,0,341.0,75,-5.32,-4.76,5.89,-0.03,0.03,-0.0
2025-08-09,20:00:00,0,100.0,98.0,19.06,19.19,21.5,2.16,2.87,1.0,0.0,0,364.0,75,-5.32,-4.73,5.87,-0.03,0.03,-0.0
2025-08-09,20:00:10,0,100.0,98.0,19.06,19.19,21.44,2.16,2.87,1.0,0.0,0,425.0,75,-5.34,-4.76,5.86,-0.03,0.03,-0.0
2025-08-09,20:00:20,0,27.0,79.0,19.06,19.19,21.44,2.16,2.87,1.0,0.0,0,1310.0,75,-5.34,-4.75,5.85,-0.03,0.03,-0.0
2025-08-09,20:00:30,0,16.0,25.0,19.06,19.19,21.5,2.16,2.87,1.0,0.0,0,358.0,75,-5.33,-4.75,5.88,-0.03,0.03,-0.0
2025-08-09,20:00:40,0,37.0,80.0,19.06,19.17,21.37,2.16,2.87,1.0,0.0,0,383.0,75,-5.33,-4.73,5.89,-0.03,0.03,-0.0
2025-08-09,20:00:50,0,17.0,72.0,19.06,19.17,21.44,2.16,2.87,1.0,0.0,0,414.0,75,-5.32,-4.73,5.88,-0.03,0.03,-0.0
2025-08-09,20:01:00,0,17.0,72.0,19.0,19.17,21.37,2.16,2.87,1.0,0.0,0,367.0,75,-5.34,-4.75,5.85,-0.03,0.03,-0.0
2025-08-09,20:01:10,0,17.0,72.0,19.0,19.15,21.5,2.16,2.87,1.0,0.0,0,410.0,75,-5.31,-4.75,5.89,-0.03,0.03,-0.0
2025-08-09,20:01:20,0,250.0,72.0,19.0,19.14,21.5,2.16,2.87,1.0,0.0,0,555.0,75,-5.34,-4.76,5.87,-0.03,0.03,-0.0
2025-08-09,20:01:30,0,136.0,72.0,19.0,19.15,21.37,2.16,2.87,1.0,0.0,0,413.0,75,-5.32,-4.75,5.86,-0.03,0.03,-0.0
2025-08-09,20:01:40,0,35.0,72.0,19.0,19.14,21.37,2.16,2.87,1.0,62.0,0,410.0,75,-5.32,-4.75,5.88,-0.03,0.03,-0.0
2025-08-09,20:01:50,0,35.0,72.0,19.0,19.12,21.44,2.16,2.87,1.0,0.0,0,333.0,75,-5.34,-4.76,5.86,-0.03,0.03,-0.0
2025-08-09,20:02:00,0,35.0,72.0,19.0,19.13,21.31,2.16,2.87,1.0,0.0,0,760.0,75,-5.32,-4.75,5.88,-0.03,0.03,-0.0
2025-08-09,20:02:10,0,35.0,72.0,19.0,19.15,21.56,2.16,2.87,1.0,0.0,0,499.0,75,-5.32,-4.75,5.85,-0.03,0.03,-0.0
2025-08-09,20:02:20,0,20.0,3.0,19.0,19.17,21.44,2.16,2.87,1.0,0.0,0,384.0,75,-5.33,-4.75,5.83,-0.03,0.03,-0.0
2025-08-09,20:02:30,0,300.0,49.0,19.0,19.17,21.37,2.16,2.87,1.0,0.0,0,322.0,75,-5.31,-4.76,5.86,-0.03,0.03,-0.0
2025-08-09,20:02:40,0,75.0,40.0,19.0,19.16,21.56,2.16,2.87,1.0,0.0,0,323.0,75,-5.33,-4.77,5.86,-0.03,0.03,-0.0
2025-08-09,20:02:50,0,75.0,40.0,18.94,19.17,21.25,2.16,2.87,1.0,0.0,0,346.0,75,-5.32,-4.76,5.86,-0.03,0.03,-0.0
2025-08-09,20:03:00,0,17.0,82.0,19.0,19.17,21.25,2.16,2.87,1.0,0.0,0,1096.0,75,-5.32,-4.76,5.86,-0.04,0.03,-0.0
2025-08-09,20:03:10,0,83.0,82.0,19.0,19.14,21.37,2.16,2.87,1.0,0.0,0,541.0,75,-5.32,-4.77,5.84,-0.03,0.03,-0.0
2025-08-09,20:03:20,0,83.0,82.0,18.94,19.14,21.44,2.16,2.87,1.0,0.0,0,377.0,75,-5.33,-4.78,5.86,-0.03,0.03,-0.0
2025-08-09,20:03:30,0,83.0,82.0,18.94,19.15,21.31,2.16,2.87,1.0,27.0,0,662.0,75,-5.32,-4.75,5.84,-0.03,0.03,-0.0
2025-08-09,20:03:40,0,53.0,100.0,18.94,19.15,21.37,2.16,2.87,1.0,44.0,0,322.0,75,-5.31,-4.76,5.87,-0.03,0.03,-0.0
2025-08-09,20:03:50,0,136.0,100.0,18.94,19.13,21.44,2.16,2.87,1.0,0.0,0,340.0,75,-5.32,-4.77,5.85,-0.03,0.03,-0.0
2025-08-09,20:04:00,0,150.0,93.0,18.94,19.14,21.12,2.16,2.87,1.0,0.0,0,542.0,75,-5.32,-4.77,5.82,-0.03,0.03,-0.0
2025-08-09,20:04:10,0,150.0,93.0,18.94,19.12,21.25,2.16,2.87,1.0,0.0,0,1209.0,75,-5.31,-4.78,5.85,-0.04,0.03,-0.01
2025-08-09,20:04:20,0,187.0,97.0,19.0,19.14,21.12,2.16,2.87,1.0,16.0,0,511.0,75,-5.32,-4.78,5.87,-0.03,0.03,-0.0
2025-08-09,20:04:30,0,107.0,100.0,18.94,19.17,21.37,2.16,2.87,1.0,0.0,0,1227.0,75,-5.29,-4.76,5.9,-0.04,0.03,-0.0
2025-08-09,20:04:40,0,187.0,96.0,18.94,19.21,21.37,2.16,2.87,1.0,0.0,0,1766.0,75,-5.32,-4.77,5.86,-0.04,0.03,-0.0
2025-08-09,20:04:50,0,125.0,98.0,18.94,19.19,21.19,2.16,2.87,1.0,77.0,0,789.0,75,-5.76,-3.88,6.03,-0.03,0.03,-0.0
2025-08-09,20:05:00,0,65.0,98.0,18.94,19.21,21.44,2.16,2.87,1.0,0.0,0,642.0,75,-5.72,-3.68,6.18,-0.03,0.03,-0.0
2025-08-09,20:05:10,0,150.0,99.0,18.94,19.2,21.44,2.16,2.87,1.0,0.0,0,1010.0,75,-5.82,-3.67,6.13,-0.04,0.03,-0.0
2025-08-09,20:05:20,0,136.0,98.0,18.94,19.24,21.69,2.16,2.87,1.0,0.0,0,1007.0,75,-5.77,-3.59,6.19,-0.03,0.03,-0.0
2025-08-09,20:05:30,0,40.0,92.0,18.94,19.27,21.75,2.16,2.87,1.0,0.0,0,365.0,75,-5.8,-3.57,6.17,-0.03,0.03,-0.0
2025-08-09,20:05:40,0,65.0,96.0,18.94,19.3,22.06,2.16,2.87,1.0,0.0,0,550.0,75,-5.78,-3.56,6.18,-0.03,0.03,-0.0
2025-08-09,20:05:50,0,100.0,99.0,18.94,19.36,22.0,2.16,2.87,1.0,8.0,0,451.0,75,-5.78,-3.52,6.19,-0.03,0.03,-0.0
2025-08-09,20:06:00,0,93.0,100.0,18.94,19.43,22.31,2.16,2.87,1.0,0.0,0,692.0,75,-5.81,-3.51,6.19,-0.03,0.03,0.0
2025-08-09,20:06:10,0,136.0,81.0,18.94,19.46,22.31,2.16,2.87,1.0,0.0,0,406.0,75,-5.8,-3.49,6.18,-0.03,0.03,-0.0
2025-08-09,20:06:20,0,100.0,57.0,19.0,19.5,22.19,2.16,2.87,1.0,0.0,0,381.0,75,-5.81,-3.48,6.23,-0.03,0.03,0.0
2025-08-09,20:06:30,0,48.0,60.0,18.94,19.54,22.19,2.16,2.87,1.0,0.0,0,435.0,75,-5.81,-3.46,6.18,-0.03,0.03,-0.0
2025-08-09,20:06:40,0,83.0,30.0,19.0,19.59,22.06,2.16,2.87,1.0,0.0,0,380.0,75,-5.83,-3.47,6.21,-0.03,0.03,0.0
2025-08-09,20:06:50,0,88.0,90.0,19.0,19.62,22.31,2.16,2.87,1.0,0.0,0,354.0,75,-5.82,-3.47,6.18,-0.03,0.03,-0.0
2025-08-09,20:07:00,0,62.0,93.0,19.0,19.65,22.56,2.16,2.87,1.0,0.0,0,621.0,75,-5.84,-3.46,6.2,-0.03,0.03,-0.0
2025-08-09,20:07:10,0,88.0,86.0,19.0,19.69,23.0,2.16,2.87,1.0,0.0,0,351.0,75,-5.87,-3.47,6.18,-0.04,0.03,-0.0
2025-08-09,20:07:20,0,60.0,97.0,19.0,19.68,22.75,2.16,2.87,1.0,0.0,0,753.0,75,-5.85,-3.54,6.25,-0.02,0.03,-0.0
2025-08-09,20:07:30,0,125.0,97.0,19.06,19.72,22.81,2.16,2.87,1.0,12.0,0,768.0,75,-5.84,-3.44,6.22,-0.03,0.03,-0.0
2025-08-09,20:07:40,0,166.0,98.0,19.06,19.76,22.5,2.16,2.87,1.0,0.0,0,2169.0,75,-5.86,-3.4,6.15,-0.04,0.03,-0.0
2025-08-09,20:07:50,0,125.0,11.0,19.06,19.76,22.44,2.16,2.87,1.0,0.0,0,951.0,75,-5.84,-3.41,6.17,-0.04,0.03,-0.0
2025-08-09,20:08:00,0,214.0,11.0,19.06,19.75,22.19,2.16,2.87,1.0,0.0,0,348.0,75,-5.85,-3.4,6.2,-0.02,0.04,0.0
2025-08-09,20:08:10,0,100.0,11.0,19.06,19.78,22.06,2.16,2.87,1.0,0.0,0,355.0,75,-5.85,-3.43,6.18,-0.03,0.03,-0.0
2025-08-09,20:08:20,0,187.0,40.0,19.06,19.8,22.06,2.16,2.87,1.0,0.0,0,1385.0,75,-5.86,-3.4,6.15,-0.03,0.03,-0.0
2025-08-09,20:08:30,0,250.0,100.0,19.06,19.82,22.13,2.16,2.87,1.0,16.0,0,440.0,75,-5.88,-3.41,6.14,-0.04,0.03,-0.0
2025-08-09,20:08:40,0,150.0,100.0,19.06,19.84,22.06,2.16,2.87,1.0,0.0,0,1179.0,75,-5.88,-3.39,6.2,-0.03,0.03,-0.0
2025-08-09,20:08:50,0,136.0,98.0,19.06,19.86,22.56,2.16,2.87,1.0,0.0,0,464.0,75,-5.82,-3.34,6.24,-0.04,0.03,-0.0
2025-08-09,20:09:00,0,107.0,98.0,19.06,19.86,22.37,2.16,2.87,1.0,10.0,0,335.0,75,-5.84,-3.38,6.18,-0.03,0.03,-0.0
2025-08-09,20:09:10,0,107.0,100.0,19.06,19.87,22.5,2.16,2.87,1.0,0.0,0,1598.0,75,-5.86,-3.39,6.17,-0.03,0.03,-0.0
2025-08-09,20:09:20,0,150.0,94.0,19.06,19.87,22.44,2.16,2.87,1.0,0.0,0,496.0,75,-5.86,-3.37,6.16,-0.03,0.03,-0.0
2025-08-09,20:09:30,0,187.0,97.0,19.06,19.85,22.62,2.16,2.87,1.0,0.0,0,377.0,75,-5.85,-3.37,6.22,-0.03,0.03,-0.0
2025-08-09,20:09:40,0,88.0,97.0,19.06,19.85,22.56,2.16,2.87,1.0,0.0,0,375.0,75,-5.83,-3.34,6.25,-0.03,0.03,0.0
2025-08-09,20:09:50,0,125.0,87.0,19.31,19.88,22.69,2.16,2.87,1.0,4095.0,0,351.0,75,-5.88,-3.38,6.21,-0.03,0.03,-0.0
2025-08-09,20:10:00,0,250.0,56.0,19.56,19.86,22.62,2.16,2.87,1.0,0.0,0,386.0,75,-5.89,-3.36,6.14,-0.03,0.03,-0.0
2025-08-09,20:10:10,0,136.0,59.0,19.62,19.85,22.19,2.16,2.87,1.0,0.0,0,1119.0,75,-5.88,-3.37,6.16,-0.03,0.03,-0.0
2025-08-09,20:10:20,0,78.0,72.0,19.62,19.84,22.13,2.16,2.87,1.0,0.0,0,349.0,75,-5.88,-3.4,6.16,-0.03,0.03,-0.0
2025-08-09,20:10:30,0,150.0,97.0,19.56,19.88,22.06,2.16,2.87,1.0,0.0,0,464.0,75,-5.83,-3.36,6.2,-0.03,0.03,-0.0
2025-08-09,20:10:40,0,107.0,97.0,19.56,19.86,22.25,2.16,2.87,1.0,0.0,0,465.0,75,-5.87,-3.35,6.22,-0.03,0.03,-0.0
2025-08-09,20:10:51,0,125.0,99.0,19.56,19.86,22.19,2.16,2.87,1.0,21.0,0,1649.0,75,-5.86,-3.36,6.2,-0.03,0.03,-0.0
2025-08-09,20:11:01,0,107.0,100.0,19.5,19.87,22.37,2.16,2.87,1.0,0.0,0,1836.0,75,-5.87,-3.35,6.16,-0.03,0.03,-0.0
2025-08-09,20:11:11,0,166.0,100.0,19.5,19.9,22.37,2.16,2.87,1.0,0.0,0,1196.0,75,-5.89,-3.37,6.17,-0.03,0.03,-0.0
2025-08-09,20:11:21,0,136.0,100.0,19.44,19.86,22.44,2.16,2.87,1.0,0.0,0,1589.0,75,-5.86,-3.36,6.21,-0.03,0.03,-0.0
2025-08-09,20:11:31,0,136.0,74.0,19.44,19.86,22.62,2.16,2.87,1.0,0.0,0,211.0,75,-5.85,-3.35,6.19,-0.03,0.03,-0.0
2025-08-09,20:11:41,0,71.0,97.0,19.44,19.88,22.62,2.16,2.87,1.0,0.0,0,478.0,75,-5.83,-3.39,6.25,-0.03,0.03,-0.0
2025-08-09,20:11:51,0,300.0,100.0,19.44,19.82,22.87,2.16,2.87,1.0,0.0,0,1916.0,75,-5.84,-3.37,6.2,-0.03,0.03,-0.0
2025-08-09,20:12:01,0,187.0,100.0,19.44,19.83,22.75,2.16,2.87,1.0,20.0,0,1084.0,75,-5.86,-3.36,6.19,-0.03,0.03,-0.0
2025-08-09,20:12:11,0,187.0,100.0,19.44,19.84,22.81,2.16,2.87,1.0,0.0,0,353.0,75,-5.87,-3.38,6.23,-0.03,0.03,-0.0
2025-08-09,20:12:21,0,83.0,34.0,19.37,19.85,22.94,2.16,2.87,1.0,0.0,0,436.0,75,-5.87,-3.34,6.17,-0.03,0.03,-0.0
2025-08-09,20:12:31,0,57.0,22.0,19.37,19.87,23.0,2.16,2.87,1.0,0.0,0,366.0,75,-5.86,-3.37,6.17,-0.03,0.03,-0.0
2025-08-09,20:12:41,0,100.0,46.0,19.37,19.87,23.19,2.16,2.87,1.0,0.0,0,521.0,75,-5.85,-3.37,6.23,-0.03,0.03,-0.0
2025-08-09,20:12:51,0,150.0,79.0,19.37,19.87,23.06,2.16,2.87,1.0,0.0,0,479.0,75,-5.87,-3.36,6.21,-0.03,0.03,-0.0
2025-08-09,20:13:01,0,125.0,70.0,19.37,19.89,23.06,2.16,2.87,1.0,6.0,0,543.0,75,-5.85,-3.34,6.2,-0.03,0.03,-0.0
2025-08-09,20:13:11,0,83.0,58.0,19.37,19.89,23.06,2.16,2.87,1.0,0.0,0,626.0,75,-5.86,-3.35,6.19,-0.03,0.03,-0.0
2025-08-09,20:13:21,0,115.0,44.0,19.37,19.86,23.19,2.16,2.87,1.0,0.0,0,520.0,75,-5.87,-3.35,6.19,-0.03,0.03,-0.0
2025-08-09,20:13:31,0,150.0,98.0,19.31,19.84,23.19,2.16,2.87,1.0,0.0,0,436.0,75,-5.88,-3.36,6.2,-0.03,0.03,-0.0
2025-08-09,20:13:41,0,136.0,98.0,19.31,19.87,23.19,2.16,2.87,1.0,8.0,0,577.0,75,-5.88,-3.35,6.2,-0.03,0.03,-0.0
2025-08-09,20:13:51,0,150.0,99.0,19.31,19.9,23.0,2.16,2.87,1.0,0.0,0,450.0,75,-5.86,-3.35,6.21,-0.03,0.03,-0.0
2025-08-09,20:14:01,0,150.0,99.0,19.31,19.91,22.94,2.16,2.87,1.0,0.0,0,758.0,75,-5.88,-3.37,6.24,-0.03,0.03,-0.0
2025-08-09,20:14:11,0,136.0,97.0,19.31,19.92,22.94,2.16,2.87,1.0,0.0,0,612.0,75,-5.84,-3.35,6.17,-0.03,0.03,-0.0
2025-08-09,20:14:21,0,78.0,97.0,19.31,19.95,22.81,2.16,2.87,1.0,0.0,0,159.0,75,-5.89,-3.37,6.19,-0.03,0.04,-0.0
2025-08-09,20:14:31,0,150.0,99.0,19.31,19.97,23.06,2.16,2.87,1.0,0.0,0,492.0,75,-5.89,-3.37,6.19,-0.03,0.03,-0.0
2025-08-09,20:14:41,0,166.0,66.0,19.25,19.96,22.75,2.16,2.87,1.0,0.0,0,591.0,75,-5.86,-3.36,6.21,-0.03,0.03,-0.0
2025-08-09,20:14:51,0,88.0,99.0,19.25,19.96,22.75,2.16,2.87,1.0,0.0,0,1871.0,75,-5.88,-3.36,6.21,-0.03,0.03,-0.0
2025-08-09,20:15:01,0,88.0,99.0,19.25,19.95,22.81,2.16,2.87,1.0,0.0,0,728.0,75,-5.88,-3.34,6.22,-0.03,0.03,-0.0
2025-08-09,20:15:11,0,187.0,88.0,19.25,19.94,22.81,2.16,2.87,1.0,0.0,0,581.0,75,-5.89,-3.35,6.18,-0.03,0.03,-0.0
2025-08-09,20:15:21,0,100.0,99.0,19.25,19.94,22.81,2.16,2.87,1.0,0.0,0,518.0,75,-5.87,-3.33,6.21,-0.03,0.03,-0.0
2025-08-09,20:15:31,0,100.0,79.0,19.25,19.98,22.81,2.16,2.87,1.0,0.0,0,351.0,75,-5.89,-3.37,6.16,-0.03,0.03,-0.0
2025-08-09,20:15:41,0,71.0,100.0,19.25,19.95,22.69,2.16,2.87,1.0,0.0,0,323.0,75,-5.89,-3.35,6.2,-0.03,0.03,-0.0
2025-08-09,20:15:51,0,187.0,99.0,19.25,19.94,22.69,2.16,2.87,1.0,0.0,0,360.0,75,-5.87,-3.35,6.18,-0.03,0.03,-0.0
2025-08-09,20:16:01,0,36.0,94.0,19.25,19.93,22.69,2.16,2.87,1.0,0.0,0,1006.0,75,-5.88,-3.34,6.2,-0.03,0.03,-0.0
2025-08-09,20:16:11,0,115.0,100.0,19.25,19.92,22.87,2.16,2.87,1.0,0.0,0,403.0,75,-5.86,-3.35,6.19,-0.03,0.03,-0.0
2025-08-09,20:16:21,0,150.0,100.0,19.25,19.89,22.69,2.16,2.87,1.0,0.0,0,355.0,75,-5.88,-3.35,6.18,-0.03,0.03,-0.0
2025-08-09,20:16:31,0,115.0,9.0,19.25,19.85,22.56,2.16,2.87,1.0,0.0,0,508.0,75,-5.88,-3.34,6.18,-0.03,0.03,-0.0
2025-08-09,20:16:41,0,187.0,95.0,19.25,19.89,22.5,2.16,2.87,1.0,0.0,0,1610.0,75,-5.87,-3.34,6.23,-0.03,0.04,-0.0
2025-08-09,20:16:51,0,214.0,99.0,19.25,19.88,22.62,2.16,2.87,1.0,0.0,0,511.0,75,-5.88,-3.33,6.19,-0.03,0.03,-0.0
2025-08-09,20:17:01,0,37.0,99.0,19.25,19.92,22.62,2.16,2.87,1.0,0.0,0,458.0,75,-5.86,-3.35,6.21,-0.03,0.03,-0.0
2025-08-09,20:17:11,0,55.0,99.0,19.19,19.89,22.81,2.16,2.87,1.0,0.0,0,504.0,75,-5.86,-3.36,6.18,-0.03,0.03,-0.0
2025-08-09,20:17:21,0,51.0,100.0,19.25,19.87,22.5,2.16,2.87,1.0,0.0,0,396.0,75,-5.85,-3.33,6.22,-0.03,0.03,-0.0
2025-08-09,20:17:31,0,83.0,89.0,19.19,19.85,22.5,2.16,2.87,1.0,816.0,0,336.0,75,-5.87,-3.35,6.2,-0.03,0.03,-0.0
2025-08-09,20:17:41,0,83.0,56.0,19.19,19.82,22.37,2.16,2.87,1.0,177.0,0,429.0,75,-5.89,-3.36,6.18,-0.03,0.03,-0.0
2025-08-09,20:17:51,0,71.0,97.0,19.19,19.85,22.19,2.16,2.87,1.0,0.0,0,397.0,75,-5.85,-3.31,6.21,-0.03,0.03,-0.0
2025-08-09,20:18:01,0,150.0,92.0,19.19,19.85,22.19,2.16,2.87,1.0,0.0,0,404.0,75,-5.86,-3.32,6.19,-0.03,0.03,-0.0
2025-08-09,20:18:11,0,300.0,92.0,19.19,19.87,21.94,2.16,2.87,1.0,4095.0,0,1077.0,75,-5.88,-3.36,6.19,-0.03,0.03,-0.0
2025-08-09,20:18:21,0,93.0,94.0,19.19,19.86,22.06,2.16,2.87,1.0,0.0,0,530.0,75,-5.86,-3.34,6.22,-0.03,0.03,-0.0
2025-08-09,20:18:31,0,125.0,78.0,19.19,19.87,22.13,2.16,2.87,1.0,0.0,0,541.0,75,-5.84,-3.34,6.22,-0.03,0.03,-0.0
2025-08-09,20:18:41,0,250.0,98.0,19.19,19.91,22.06,2.16,2.87,1.0,0.0,0,400.0,75,-5.87,-3.36,6.22,-0.03,0.03,-0.0
2025-08-09,20:18:51,0,214.0,28.0,19.19,19.92,22.37,2.16,2.87,1.0,0.0,0,407.0,75,-5.88,-3.34,6.2,-0.03,0.03,-0.0
2025-08-09,20:19:01,0,125.0,44.0,19.19,19.94,22.31,2.16,2.87,1.0,699.0,0,418.0,75,-5.86,-3.35,6.17,-0.03,0.03,-0.0
2025-08-09,20:19:11,0,150.0,42.0,19.19,19.92,22.13,2.16,2.87,1.0,0.0,0,715.0,75,-5.86,-3.35,6.21,-0.03,0.03,-0.0
2025-08-09,20:19:21,0,125.0,80.0,19.12,19.9,22.44,2.16,2.87,1.0,0.0,0,454.0,75,-5.86,-3.35,6.19,-0.03,0.03,-0.0
2025-08-09,20:19:31,0,93.0,99.0,19.19,19.88,22.19,2.16,2.87,1.0,0.0,0,699.0,75,-5.88,-3.36,6.15,-0.03,0.02,-0.0
2025-08-09,20:19:41,0,93.0,100.0,19.19,19.88,22.13,2.16,2.87,1.0,0.0,0,330.0,75,-5.96,-3.46,6.03,-0.03,0.03,-0.0
2025-08-09,20:19:51,0,136.0,100.0,19.19,19.94,22.19,2.16,2.87,1.0,0.0,0,2859.0,75,-6.0,-3.43,6.05,-0.03,0.03,-0.0
2025-08-09,20:20:01,0,107.0,12.0,19.19,19.92,22.56,2.16,2.87,1.0,0.0,0,234.0,75,-5.97,-3.45,6.08,-0.03,0.03,-0.0
2025-08-09,20:20:11,0,100.0,12.0,19.19,19.93,22.5,2.16,2.87,1.0,0.0,0,1181.0,75,-6.0,-3.44,6.06,-0.03,0.03,-0.0
2025-08-09,20:20:21,0,93.0,98.0,19.19,19.94,22.56,2.16,2.87,1.0,0.0,0,932.0,75,-5.96,-3.41,6.07,-0.03,0.03,-0.0
2025-08-09,20:20:31,0,88.0,56.0,19.19,19.96,22.75,2.16,2.87,1.0,0.0,0,506.0,75,-5.98,-3.44,6.02,-0.03,0.03,-0.0
2025-08-09,20:20:41,0,115.0,59.0,19.19,19.96,22.62,2.16,2.87,1.0,0.0,0,565.0,75,-6.03,-3.46,6.06,-0.04,0.02,-0.0
2025-08-09,20:20:51,0,53.0,56.0,19.19,19.93,22.5,2.16,2.87,1.0,0.0,0,1984.0,75,-5.99,-3.4,6.01,-0.03,0.03,-0.0
2025-08-09,20:21:01,0,93.0,98.0,19.19,19.93,22.56,2.16,2.87,1.0,39.0,0,558.0,75,-6.0,-3.43,6.01,-0.03,0.03,-0.0
2025-08-09,20:21:11,0,88.0,99.0,19.19,19.91,22.37,2.16,2.87,1.0,0.0,0,2928.0,75,-5.99,-3.44,6.02,-0.03,0.03,-0.0
2025-08-09,20:21:21,0,68.0,99.0,19.19,19.93,22.69,2.16,2.87,1.0,0.0,0,660.0,75,-6.0,-3.41,6.05,-0.03,0.03,-0.0
2025-08-09,20:21:31,0,150.0,99.0,19.19,19.9,22.69,2.16,2.87,1.0,0.0,0,1250.0,75,-5.93,-3.37,6.21,-0.02,0.03,-0.0
2025-08-09,20:21:41,0,166.0,93.0,19.19,19.9,22.56,2.16,2.87,1.0,6.0,0,467.0,75,-6.0,-3.42,6.08,-0.03,0.03,-0.0
2025-08-09,20:21:51,0,150.0,0.0,19.19,19.93,22.81,2.16,2.87,1.0,22.0,0,1415.0,75,-6.0,-3.41,6.05,-0.03,0.03,-0.0
2025-08-09,20:22:01,0,107.0,99.0,19.19,19.93,22.56,2.16,2.87,1.0,0.0,0,414.0,75,-5.99,-3.39,6.06,-0.03,0.03,-0.0
2025-08-09,20:22:11,0,62.0,98.0,19.19,19.94,22.87,2.16,2.87,1.0,0.0,0,414.0,75,-6.02,-3.41,6.06,-0.03,0.03,-0.0
2025-08-09,20:22:21,0,150.0,99.0,19.19,19.91,22.75,2.16,2.87,1.0,0.0,0,431.0,75,-6.05,-3.48,5.99,-0.03,0.03,-0.0
2025-08-09,20:22:31,0,166.0,99.0,19.19,19.91,23.0,2.16,2.87,1.0,0.0,0,1643.0,75,-6.01,-3.39,6.02,-0.03,0.03,-0.0
2025-08-09,20:22:41,0,55.0,99.0,19.12,19.89,23.0,2.16,2.87,1.0,0.0,0,424.0,75,-6.01,-3.4,6.04,-0.03,0.03,-0.0
2025-08-09,20:22:51,0,125.0,100.0,19.12,19.89,23.06,2.16,2.87,1.0,0.0,0,385.0,75,-6.01,-3.39,6.05,-0.03,0.03,-0.0
2025-08-09,20:23:01,0,78.0,100.0,19.12,19.9,23.19,2.16,2.87,1.0,9.0,0,418.0,75,-6.0,-3.4,6.01,-0.03,0.03,-0.0
2025-08-09,20:23:11,0,53.0,99.0,19.12,19.91,23.06,2.16,2.87,1.0,0.0,0,407.0,75,-6.05,-3.41,5.99,-0.04,0.03,-0.0
2025-08-09,20:23:21,0,83.0,99.0,19.12,19.92,23.25,2.16,2.87,1.0,0.0,0,468.0,75,-5.99,-3.4,6.05,-0.03,0.03,-0.0
2025-08-09,20:23:31,0,107.0,85.0,19.12,19.92,23.19,2.16,2.87,1.0,0.0,0,522.0,75,-6.0,-3.38,6.04,-0.03,0.03,-0.0
2025-08-09,20:23:41,0,187.0,98.0,19.12,19.91,23.62,2.16,2.87,1.0,0.0,0,519.0,75,-5.99,-3.4,6.04,-0.03,0.03,-0.0
2025-08-09,20:23:51,0,150.0,100.0,19.12,19.92,23.19,2.16,2.87,1.0,0.0,0,430.0,75,-6.01,-3.41,6.1,-0.04,0.03,-0.01
2025-08-09,20:24:01,0,83.0,100.0,19.12,19.95,23.31,2.16,2.87,1.0,0.0,0,452.0,75,-6.03,-3.4,6.03,-0.04,0.03,-0.0
2025-08-09,20:24:11,0,187.0,100.0,19.12,19.93,23.31,2.16,2.87,1.0,0.0,0,357.0,75,-6.02,-3.4,6.03,-0.03,0.03,-0.0
2025-08-09,20:24:21,0,214.0,39.0,19.12,19.95,23.25,2.16,2.87,1.0,0.0,0,415.0,75,-6.0,-3.38,6.03,-0.03,0.03,-0.0
2025-08-09,20:24:31,0,115.0,87.0,19.06,20.02,23.19,2.16,2.87,1.0,0.0,0,420.0,75,-6.0,-3.39,6.01,-0.03,0.03,-0.0
2025-08-09,20:24:41,0,166.0,98.0,19.12,20.04,23.19,2.16,2.87,1.0,32.0,0,379.0,75,-6.02,-3.38,6.02,-0.03,0.03,-0.0
2025-08-09,20:24:51,0,78.0,99.0,19.06,20.04,23.06,2.16,2.87,1.0,0.0,0,439.0,75,-6.02,-3.41,6.05,-0.03,0.03,-0.0
2025-08-09,20:25:01,0,300.0,97.0,19.06,20.03,23.0,2.16,2.87,1.0,0.0,0,417.0,75,-6.02,-3.39,6.04,-0.04,0.03,-0.0
2025-08-09,20:25:11,0,125.0,99.0,19.06,20.02,23.0,2.16,2.87,1.0,0.0,0,466.0,75,-5.99,-3.4,6.06,-0.03,0.03,-0.0
2025-08-09,20:25:21,0,125.0,97.0,19.06,20.04,23.19,2.16,2.87,1.0,0.0,0,381.0,75,-6.0,-3.34,6.06,-0.04,0.03,0.0
2025-08-09,20:25:31,0,125.0,97.0,19.06,20.01,23.25,2.16,2.87,1.0,0.0,0,459.0,75,-6.03,-3.4,6.03,-0.03,0.03,-0.0
2025-08-09,20:25:41,0,50.0,97.0,19.06,20.01,23.25,2.16,2.87,1.0,0.0,0,384.0,75,-6.02,-3.36,6.06,-0.03,0.03,-0.0
2025-08-09,20:25:51,0,150.0,99.0,19.06,20.01,23.12,2.16,2.87,1.0,0.0,0,336.0,75,-6.0,-3.39,6.05,-0.03,0.03,-0.0
2025-08-09,20:26:01,0,125.0,100.0,19.06,19.99,23.31,2.16,2.87,1.0,0.0,0,428.0,75,-6.01,-3.39,6.03,-0.03,0.03,-0.0
2025-08-09,20:26:11,0,125.0,38.0,19.06,19.98,23.06,2.16,2.87,1.0,0.0,0,403.0,75,-6.0,-3.38,6.02,-0.03,0.03,-0.0
2025-08-09,20:26:21,0,115.0,100.0,19.06,19.95,23.0,2.16,2.87,1.0,0.0,0,470.0,75,-6.03,-3.4,6.04,-0.03,0.03,-0.0
2025-08-09,20:26:31,0,100.0,98.0,19.06,19.94,23.0,2.16,2.87,1.0,0.0,0,668.0,75,-6.0,-3.39,6.04,-0.04,0.03,-0.0
2025-09-23,09:24:06,0,0.0,0.0,0.0,18.7,0.0,2.33,7.7,1.0,0.0,1,0.0,92.0,0.0,0.0,0.0,0.0,0.0,0.0
2025-09-23,09:25:06,0,0.0,0.0,0.0,18.7,0.0,2.33,7.7,1.0,0.0,1,0.0,92.0,0.0,0.0,0.0,0.0,0.0,0.0
2025-09-23,09:26:06,0,0.0,0.0,0.0,18.7,0.0,2.33,7.7,1.0,0.0,1,0.0,92.0,0.0,0.0,0.0,0.0,0.0,0.0
2025-09-23,09:27:06,0,0.0,0.0,0.0,18.7,0.0,2.33,7.7,1.0,0.0,1,0.0,92.0,0.0,0.0,0.0,0.0,0.0,0.0
2025-09-23,09:28:06,0,0.0,0.0,0.0,18.7,0.0,2.33,7.7,1.0,0.0,1,0.0,92.0,0.0,0.0,0.0,0.0,0.0,0.0

